#datatype measurement,dateTime,long,tag,tag
record,time,val,hostNode,disk
nvme1n1_pct_util,1719197545000000000,1,es-data-paid1-es7-21-1b,nvme1n1_pct_util
nvme1n1_pct_util,1719197665000000000,1,es-data-paid1-es7-21-1b,nvme1n1_pct_util
nvme1n1_pct_util,1719197785000000000,1,es-data-paid1-es7-21-1b,nvme1n1_pct_util
nvme1n1_pct_util,1719197905000000000,0,es-data-paid1-es7-21-1b,nvme1n1_pct_util
nvme1n1_pct_util,1719198025000000000,0,es-data-paid1-es7-21-1b,nvme1n1_pct_util
nvme1n1_pct_util,1719198145000000000,0,es-data-paid1-es7-21-1b,nvme1n1_pct_util
nvme1n1_pct_util,1719198265000000000,0,es-data-paid1-es7-21-1b,nvme1n1_pct_util
nvme1n1_pct_util,1719198385000000000,96,es-data-paid1-es7-21-1b,nvme1n1_pct_util
nvme1n1_pct_util,1719198505000000000,91,es-data-paid1-es7-21-1b,nvme1n1_pct_util
nvme1n1_pct_util,1719198625000000000,8,es-data-paid1-es7-21-1b,nvme1n1_pct_util
nvme1n1_pct_util,1719198745000000000,0,es-data-paid1-es7-21-1b,nvme1n1_pct_util
nvme1n1_pct_util,1719198865000000000,41,es-data-paid1-es7-21-1b,nvme1n1_pct_util
nvme1n1_pct_util,1719198985000000000,59,es-data-paid1-es7-21-1b,nvme1n1_pct_util
nvme1n1_pct_util,1719199105000000000,0,es-data-paid1-es7-21-1b,nvme1n1_pct_util
nvme1n1_pct_util,1719199225000000000,4,es-data-paid1-es7-21-1b,nvme1n1_pct_util
nvme1n1_pct_util,1719199345000000000,23,es-data-paid1-es7-21-1b,nvme1n1_pct_util
nvme1n1_pct_util,1719199465000000000,0,es-data-paid1-es7-21-1b,nvme1n1_pct_util
nvme1n1_pct_util,1719199585000000000,0,es-data-paid1-es7-21-1b,nvme1n1_pct_util
nvme1n1_pct_util,1719199705000000000,71,es-data-paid1-es7-21-1b,nvme1n1_pct_util
nvme1n1_pct_util,1719199825000000000,94,es-data-paid1-es7-21-1b,nvme1n1_pct_util
nvme1n1_pct_util,1719199945000000000,24,es-data-paid1-es7-21-1b,nvme1n1_pct_util
nvme1n1_pct_util,1719200065000000000,81,es-data-paid1-es7-21-1b,nvme1n1_pct_util
nvme1n1_pct_util,1719200185000000000,39,es-data-paid1-es7-21-1b,nvme1n1_pct_util
nvme1n1_pct_util,1719200305000000000,101,es-data-paid1-es7-21-1b,nvme1n1_pct_util
nvme1n1_pct_util,1719200425000000000,87,es-data-paid1-es7-21-1b,nvme1n1_pct_util
nvme1n1_pct_util,1719200545000000000,90,es-data-paid1-es7-21-1b,nvme1n1_pct_util
nvme1n1_pct_util,1719200665000000000,69,es-data-paid1-es7-21-1b,nvme1n1_pct_util
nvme1n1_pct_util,1719200785000000000,104,es-data-paid1-es7-21-1b,nvme1n1_pct_util
nvme1n1_pct_util,1719200905000000000,101,es-data-paid1-es7-21-1b,nvme1n1_pct_util
nvme1n1_pct_util,1719201025000000000,100,es-data-paid1-es7-21-1b,nvme1n1_pct_util
nvme1n1_pct_util,1719201145000000000,101,es-data-paid1-es7-21-1b,nvme1n1_pct_util
nvme1n1_pct_util,1719201265000000000,101,es-data-paid1-es7-21-1b,nvme1n1_pct_util
nvme1n1_pct_util,1719201385000000000,105,es-data-paid1-es7-21-1b,nvme1n1_pct_util
nvme1n1_pct_util,1719201505000000000,101,es-data-paid1-es7-21-1b,nvme1n1_pct_util
nvme1n1_pct_util,1719201625000000000,94,es-data-paid1-es7-21-1b,nvme1n1_pct_util
nvme1n1_pct_util,1719201745000000000,30,es-data-paid1-es7-21-1b,nvme1n1_pct_util
nvme1n1_pct_util,1719201865000000000,63,es-data-paid1-es7-21-1b,nvme1n1_pct_util
nvme1n1_pct_util,1719201985000000000,101,es-data-paid1-es7-21-1b,nvme1n1_pct_util
nvme1n1_pct_util,1719202105000000000,0,es-data-paid1-es7-21-1b,nvme1n1_pct_util
nvme1n1_pct_util,1719202225000000000,67,es-data-paid1-es7-21-1b,nvme1n1_pct_util
nvme1n1_pct_util,1719202345000000000,13,es-data-paid1-es7-21-1b,nvme1n1_pct_util
nvme1n1_pct_util,1719202465000000000,18,es-data-paid1-es7-21-1b,nvme1n1_pct_util
nvme1n1_pct_util,1719202585000000000,8,es-data-paid1-es7-21-1b,nvme1n1_pct_util
nvme1n1_pct_util,1719202705000000000,55,es-data-paid1-es7-21-1b,nvme1n1_pct_util
nvme1n1_pct_util,1719202825000000000,11,es-data-paid1-es7-21-1b,nvme1n1_pct_util
nvme1n1_pct_util,1719202945000000000,61,es-data-paid1-es7-21-1b,nvme1n1_pct_util
nvme1n1_pct_util,1719203065000000000,0,es-data-paid1-es7-21-1b,nvme1n1_pct_util
nvme1n1_pct_util,1719203185000000000,1,es-data-paid1-es7-21-1b,nvme1n1_pct_util
nvme1n1_pct_util,1719203305000000000,1,es-data-paid1-es7-21-1b,nvme1n1_pct_util
nvme1n1_pct_util,1719203425000000000,0,es-data-paid1-es7-21-1b,nvme1n1_pct_util
nvme1n1_pct_util,1719203545000000000,1,es-data-paid1-es7-21-1b,nvme1n1_pct_util
nvme1n1_pct_util,1719203665000000000,0,es-data-paid1-es7-21-1b,nvme1n1_pct_util
nvme1n1_pct_util,1719203785000000000,0,es-data-paid1-es7-21-1b,nvme1n1_pct_util
nvme1n1_pct_util,1719203905000000000,0,es-data-paid1-es7-21-1b,nvme1n1_pct_util
nvme1n1_pct_util,1719204025000000000,16,es-data-paid1-es7-21-1b,nvme1n1_pct_util
nvme1n1_pct_util,1719204145000000000,0,es-data-paid1-es7-21-1b,nvme1n1_pct_util
nvme1n1_pct_util,1719204265000000000,1,es-data-paid1-es7-21-1b,nvme1n1_pct_util
nvme1n1_pct_util,1719204385000000000,0,es-data-paid1-es7-21-1b,nvme1n1_pct_util
nvme1n1_pct_util,1719204505000000000,0,es-data-paid1-es7-21-1b,nvme1n1_pct_util
nvme1n1_pct_util,1719204625000000000,1,es-data-paid1-es7-21-1b,nvme1n1_pct_util
nvme1n1_pct_util,1719204745000000000,0,es-data-paid1-es7-21-1b,nvme1n1_pct_util
nvme1n1_pct_util,1719204865000000000,0,es-data-paid1-es7-21-1b,nvme1n1_pct_util
nvme1n1_pct_util,1719204985000000000,0,es-data-paid1-es7-21-1b,nvme1n1_pct_util
nvme1n1_pct_util,1719205105000000000,0,es-data-paid1-es7-21-1b,nvme1n1_pct_util
nvme1n1_pct_util,1719205225000000000,0,es-data-paid1-es7-21-1b,nvme1n1_pct_util
nvme1n1_pct_util,1719205345000000000,0,es-data-paid1-es7-21-1b,nvme1n1_pct_util
nvme1n1_pct_util,1719205465000000000,0,es-data-paid1-es7-21-1b,nvme1n1_pct_util
nvme1n1_pct_util,1719205585000000000,0,es-data-paid1-es7-21-1b,nvme1n1_pct_util
nvme1n1_pct_util,1719205705000000000,0,es-data-paid1-es7-21-1b,nvme1n1_pct_util
nvme1n1_pct_util,1719205825000000000,0,es-data-paid1-es7-21-1b,nvme1n1_pct_util
nvme1n1_pct_util,1719205945000000000,0,es-data-paid1-es7-21-1b,nvme1n1_pct_util
nvme1n1_pct_util,1719206065000000000,1,es-data-paid1-es7-21-1b,nvme1n1_pct_util
nvme1n1_pct_util,1719206185000000000,0,es-data-paid1-es7-21-1b,nvme1n1_pct_util
nvme1n1_pct_util,1719206305000000000,0,es-data-paid1-es7-21-1b,nvme1n1_pct_util
nvme1n1_pct_util,1719206425000000000,0,es-data-paid1-es7-21-1b,nvme1n1_pct_util
nvme1n1_pct_util,1719206545000000000,0,es-data-paid1-es7-21-1b,nvme1n1_pct_util
nvme1n1_pct_util,1719206665000000000,0,es-data-paid1-es7-21-1b,nvme1n1_pct_util
nvme1n1_pct_util,1719206785000000000,0,es-data-paid1-es7-21-1b,nvme1n1_pct_util
nvme1n1_pct_util,1719206905000000000,0,es-data-paid1-es7-21-1b,nvme1n1_pct_util
nvme1n1_pct_util,1719207025000000000,0,es-data-paid1-es7-21-1b,nvme1n1_pct_util
nvme1n1_pct_util,1719207145000000000,1,es-data-paid1-es7-21-1b,nvme1n1_pct_util
