
{
"_index" : "monitoring_longlived_20240619_1200",
"_type" : "monitoringLog",
"_id" : "MQG8MJABwRBoB-_bVyxw",
"_score" : 9.580338,
"_source" : {
"date" : "2024-06-19 19:12:47.763 +0530",
"ctxUId" : -100,
"moduleType" : "paid",
"level" : "INFO",
"uuid" : "9a96a8c6-ba5f-43bd-a409-70ab171ad726",
"ctxPId" : 124,
"calleeClass" : "com.spr.search.repository.elasticsearch.es.AbstractESRequestBuilder",
"threadName" : "APP_Thread_124_9215_-100__1718804567763_P_Th_SPR-monitoring-logger-pool-7-thread-25",
"sprAppInfo" : {
"sprAppType" : "MSG_PROCESSOR",
"extraAppInfo" : { },
"metaInfo" : { },
"processID" : "1",
"appStartTime" : 1718604946694,
"ui" : false,
"webRequest" : false
},
"querySkeletonHash" : "7865D5",
"calleeMethod" : "doSafeLog",
"requestContext" : {
"path" : "com.spr.events.event.outbound.PostUpdatedEvent",
"distributedTraceId" : "6672dfed8b196d2fd5aa9d7b",
"module" : "MP",
"additional" : { },
"source" : "com.spr.events.event.outbound.PostUpdatedEvent",
"traceEnabled" : false,
"debugLogEnabled" : false,
"skipAutoTranslate" : false
},
"hostNameIp" : "message-processor-event-queue-deployment-75569dd8cc-nvd4x/10.0.104.21",
"deploymentName" : "message-processor-event-queue-deployment",
"attributes" : {
"esTotalTimeTakenInMillis" : 105026,
"esReqRecDelay" : 1,
"taskStats" : [
"[VaHB4L7iRUaBZsqo_Nm8ig][ad_entity_124_v6][2],1,105025,0,-,-",
"[_ZDuWiDwRdCh4M8UZSbrRw][ad_entity_124_v6][4],1,0,0,-,-",
"[_ZDuWiDwRdCh4M8UZSbrRw][ad_entity_124_v6][3],1,0,0,-,-",
"[wvmNOLtDSq6Tl3j7H0tn2w][ad_entity_124_v6][0],1,0,0,-,-",
"[iIGB3-koTeqQ2YO7SavSlA][ad_entity_124_v6][1],1,0,0,-,-",
"[wvmNOLtDSq6Tl3j7H0tn2w][ad_entity_124_v6][6],0,1,0,-,-",
"[wvmNOLtDSq6Tl3j7H0tn2w][ad_entity_124_v6][5],0,1,0,-,-"
],
"indicesCount" : 1,
"esResponseParseTime" : 0,
"timeTakenInES" : 105026,
"responseReadTime" : 0,
"_doc_type" : "longlived",
"avgWaitTime" : 15003,
"callee_m" : "call",
"clusterName" : "paid1-es7",
"Content-Length" : 706,
"totalMatchCount" : 0,
"callee_c" : "com.spr.ops.ContextTransferableCallable",
"numTasks" : 7,
"totalFetchTime" : 0,
"timedOut" : false,
"esServerType" : "AD_ENTITY",
"querySize" : 280,
"responseRecvdTimestamp" : 1718804567763,
"entityType" : "AdEntity",
"query" : "{\"size\":20000,\"timeout\":\"120000ms\",\"query\":{\"constant_score\":{\"filter\":{\"bool\":{\"must\":[{\"term\":{\"adCreativeDetail.adCreativeAssets.postId\":13856297711}},{\"term\":{\"status\":\"SCHEDULED\"}},{\"bool\":{\"must_not\":{\"term\":{\"status\":\"DELETED\"}}}},{\"term\":{\"entityType\":\"AD_VARIANT\"}}]}}}}}",
"totalExecTime" : 5,
"pId" : "124",
"cacheKeys" : [ ],
"avgExecTime" : 0,
"ttm" : 105028,
"indices" : [
"ad_entity_124_v6_read"
],
"hitsCount" : 0,
"es-requestId" : "6672dfee8b196d2fd5aaa538",
"esReqType" : "ESSearchRequestBuilder",
"totalWaitTime" : 105027,
"success" : true,
"esReqRecTimestamp" : 1718804462736
},
"fetch_size" : 20000,
"ctxCId" : 9215,
"timestamp" : 1718804567763
}
}