[
  {
    "schema": {
      "refId": "A",
      "meta": {
        "executedQueryString": "SELECT \"value\" FROM /^nvme.*_pct_util/ WHERE \"host\" =~ /(es-data-paid1-es7-21-1b|es-data-paid1-es7-22-1e|es-data-paid1-es7-23-1b|es-data-paid1-es7-24-1e|es-data-paid1-es7-27-1b|es-data-paid1-es7-28-1e|es-data-paid1-es7-29-1b|es-data-paid1-es7-30-1e|es-master-paid1-es7-1-1b|es-master-paid1-es7-2-1c|es-master-paid1-es7-3-1a)$/ AND time >= 1719337598906ms and time <= 1719339755045ms GROUP BY \"host\""
      },
      "name": "nvme0n1_pct_util {host: es-data-paid1-es7-21-1b}",
      "fields": [
        {
          "name": "Time",
          "type": "time",
          "config": {}
        },
        {
          "name": "Value",
          "type": "number",
          "config": {
            "displayNameFromDS": "nvme0n1_pct_util {host: es-data-paid1-es7-21-1b}"
          },
          "labels": {
            "host": "es-data-paid1-es7-21-1b"
          }
        }
      ]
    },
    "data": {
      "values": [
        [
          1719337706000,
          1719337826000,
          1719337946000,
          1719338066000,
          1719338186000,
          1719338306000,
          1719338426000,
          1719338546000,
          1719338666000,
          1719338786000,
          1719338906000,
          1719339026000,
          1719339146000,
          1719339266000,
          1719339386000,
          1719339506000,
          1719339626000,
          1719339746000
        ],
        [
          0,
          0,
          0,
          0,
          0,
          0,
          0,
          0,
          0,
          0,
          0,
          0,
          0,
          0,
          0,
          0,
          0,
          0
        ]
      ]
    }
  },
  {
    "schema": {
      "refId": "A",
      "name": "nvme0n1_pct_util {host: es-data-paid1-es7-22-1e}",
      "fields": [
        {
          "name": "Time",
          "type": "time",
          "config": {}
        },
        {
          "name": "Value",
          "type": "number",
          "config": {
            "displayNameFromDS": "nvme0n1_pct_util {host: es-data-paid1-es7-22-1e}"
          },
          "labels": {
            "host": "es-data-paid1-es7-22-1e"
          }
        }
      ]
    },
    "data": {
      "values": [
        [
          1719337706000,
          1719337826000,
          1719337946000,
          1719338066000,
          1719338186000,
          1719338306000,
          1719338426000,
          1719338546000,
          1719338666000,
          1719338786000,
          1719338906000,
          1719339026000,
          1719339146000,
          1719339266000,
          1719339386000,
          1719339506000,
          1719339626000,
          1719339746000
        ],
        [
          0,
          0,
          0,
          0,
          0,
          0,
          0,
          0,
          0,
          0,
          0,
          0,
          0,
          0,
          0,
          0,
          0,
          0
        ]
      ]
    }
  },
  {
    "schema": {
      "refId": "A",
      "name": "nvme0n1_pct_util {host: es-data-paid1-es7-23-1b}",
      "fields": [
        {
          "name": "Time",
          "type": "time",
          "config": {}
        },
        {
          "name": "Value",
          "type": "number",
          "config": {
            "displayNameFromDS": "nvme0n1_pct_util {host: es-data-paid1-es7-23-1b}"
          },
          "labels": {
            "host": "es-data-paid1-es7-23-1b"
          }
        }
      ]
    },
    "data": {
      "values": [
        [
          1719337706000,
          1719337826000,
          1719337946000,
          1719338066000,
          1719338186000,
          1719338306000,
          1719338426000,
          1719338546000,
          1719338666000,
          1719338786000,
          1719338906000,
          1719339026000,
          1719339146000,
          1719339266000,
          1719339386000,
          1719339506000,
          1719339626000,
          1719339746000
        ],
        [
          0,
          0,
          0,
          0,
          0,
          0,
          0,
          0,
          0,
          0,
          0,
          0,
          0,
          0,
          0,
          0,
          0,
          0
        ]
      ]
    }
  },
  {
    "schema": {
      "refId": "A",
      "name": "nvme0n1_pct_util {host: es-data-paid1-es7-24-1e}",
      "fields": [
        {
          "name": "Time",
          "type": "time",
          "config": {}
        },
        {
          "name": "Value",
          "type": "number",
          "config": {
            "displayNameFromDS": "nvme0n1_pct_util {host: es-data-paid1-es7-24-1e}"
          },
          "labels": {
            "host": "es-data-paid1-es7-24-1e"
          }
        }
      ]
    },
    "data": {
      "values": [
        [
          1719337706000,
          1719337826000,
          1719337946000,
          1719338066000,
          1719338186000,
          1719338306000,
          1719338426000,
          1719338546000,
          1719338666000,
          1719338786000,
          1719338906000,
          1719339026000,
          1719339146000,
          1719339266000,
          1719339386000,
          1719339506000,
          1719339626000,
          1719339746000
        ],
        [
          0,
          0,
          1,
          0,
          0,
          0,
          0,
          0,
          0,
          0,
          0,
          0,
          0,
          0,
          0,
          0,
          0,
          0
        ]
      ]
    }
  },
  {
    "schema": {
      "refId": "A",
      "name": "nvme0n1_pct_util {host: es-data-paid1-es7-27-1b}",
      "fields": [
        {
          "name": "Time",
          "type": "time",
          "config": {}
        },
        {
          "name": "Value",
          "type": "number",
          "config": {
            "displayNameFromDS": "nvme0n1_pct_util {host: es-data-paid1-es7-27-1b}"
          },
          "labels": {
            "host": "es-data-paid1-es7-27-1b"
          }
        }
      ]
    },
    "data": {
      "values": [
        [
          1719337706000,
          1719337826000,
          1719337946000,
          1719338066000,
          1719338186000,
          1719338306000,
          1719338426000,
          1719338546000,
          1719338666000,
          1719338786000,
          1719338906000,
          1719339026000,
          1719339146000,
          1719339266000,
          1719339386000,
          1719339506000,
          1719339626000,
          1719339746000
        ],
        [
          1,
          0,
          0,
          0,
          0,
          0,
          0,
          0,
          0,
          0,
          0,
          0,
          0,
          0,
          0,
          0,
          0,
          0
        ]
      ]
    }
  },
  {
    "schema": {
      "refId": "A",
      "name": "nvme0n1_pct_util {host: es-data-paid1-es7-28-1e}",
      "fields": [
        {
          "name": "Time",
          "type": "time",
          "config": {}
        },
        {
          "name": "Value",
          "type": "number",
          "config": {
            "displayNameFromDS": "nvme0n1_pct_util {host: es-data-paid1-es7-28-1e}"
          },
          "labels": {
            "host": "es-data-paid1-es7-28-1e"
          }
        }
      ]
    },
    "data": {
      "values": [
        [
          1719337706000,
          1719337826000,
          1719337946000,
          1719338066000,
          1719338186000,
          1719338306000,
          1719338426000,
          1719338546000,
          1719338666000,
          1719338786000,
          1719338906000,
          1719339026000,
          1719339146000,
          1719339266000,
          1719339386000,
          1719339506000,
          1719339626000,
          1719339746000
        ],
        [
          0,
          0,
          0,
          0,
          1,
          0,
          0,
          0,
          0,
          0,
          0,
          0,
          0,
          0,
          0,
          0,
          0,
          0
        ]
      ]
    }
  },
  {
    "schema": {
      "refId": "A",
      "name": "nvme0n1_pct_util {host: es-data-paid1-es7-29-1b}",
      "fields": [
        {
          "name": "Time",
          "type": "time",
          "config": {}
        },
        {
          "name": "Value",
          "type": "number",
          "config": {
            "displayNameFromDS": "nvme0n1_pct_util {host: es-data-paid1-es7-29-1b}"
          },
          "labels": {
            "host": "es-data-paid1-es7-29-1b"
          }
        }
      ]
    },
    "data": {
      "values": [
        [
          1719337706000,
          1719337826000,
          1719337946000,
          1719338066000,
          1719338186000,
          1719338306000,
          1719338426000,
          1719338546000,
          1719338666000,
          1719338786000,
          1719338906000,
          1719339026000,
          1719339146000,
          1719339266000,
          1719339386000,
          1719339506000,
          1719339626000,
          1719339746000
        ],
        [
          0,
          0,
          2,
          0,
          0,
          0,
          0,
          0,
          0,
          0,
          0,
          0,
          0,
          0,
          0,
          0,
          0,
          0
        ]
      ]
    }
  },
  {
    "schema": {
      "refId": "A",
      "name": "nvme0n1_pct_util {host: es-data-paid1-es7-30-1e}",
      "fields": [
        {
          "name": "Time",
          "type": "time",
          "config": {}
        },
        {
          "name": "Value",
          "type": "number",
          "config": {
            "displayNameFromDS": "nvme0n1_pct_util {host: es-data-paid1-es7-30-1e}"
          },
          "labels": {
            "host": "es-data-paid1-es7-30-1e"
          }
        }
      ]
    },
    "data": {
      "values": [
        [
          1719337706000,
          1719337826000,
          1719337946000,
          1719338066000,
          1719338186000,
          1719338306000,
          1719338426000,
          1719338546000,
          1719338666000,
          1719338786000,
          1719338906000,
          1719339026000,
          1719339146000,
          1719339266000,
          1719339386000,
          1719339506000,
          1719339626000,
          1719339746000
        ],
        [
          0,
          0,
          1,
          0,
          0,
          0,
          0,
          0,
          0,
          0,
          0,
          0,
          2,
          0,
          0,
          0,
          0,
          1
        ]
      ]
    }
  },
  {
    "schema": {
      "refId": "A",
      "name": "nvme0n1_pct_util {host: es-master-paid1-es7-1-1b}",
      "fields": [
        {
          "name": "Time",
          "type": "time",
          "config": {}
        },
        {
          "name": "Value",
          "type": "number",
          "config": {
            "displayNameFromDS": "nvme0n1_pct_util {host: es-master-paid1-es7-1-1b}"
          },
          "labels": {
            "host": "es-master-paid1-es7-1-1b"
          }
        }
      ]
    },
    "data": {
      "values": [
        [
          1719337706000,
          1719337826000,
          1719337946000,
          1719338066000,
          1719338186000,
          1719338306000,
          1719338426000,
          1719338546000,
          1719338666000,
          1719338786000,
          1719338906000,
          1719339026000,
          1719339146000,
          1719339266000,
          1719339386000,
          1719339506000,
          1719339626000,
          1719339746000
        ],
        [
          0,
          0,
          0,
          0,
          0,
          0,
          0,
          0,
          1,
          0,
          0,
          0,
          0,
          0,
          0,
          0,
          0,
          0
        ]
      ]
    }
  },
  {
    "schema": {
      "refId": "A",
      "name": "nvme0n1_pct_util {host: es-master-paid1-es7-2-1c}",
      "fields": [
        {
          "name": "Time",
          "type": "time",
          "config": {}
        },
        {
          "name": "Value",
          "type": "number",
          "config": {
            "displayNameFromDS": "nvme0n1_pct_util {host: es-master-paid1-es7-2-1c}"
          },
          "labels": {
            "host": "es-master-paid1-es7-2-1c"
          }
        }
      ]
    },
    "data": {
      "values": [
        [
          1719337706000,
          1719337826000,
          1719337946000,
          1719338066000,
          1719338186000,
          1719338306000,
          1719338426000,
          1719338546000,
          1719338666000,
          1719338786000,
          1719338906000,
          1719339026000,
          1719339146000,
          1719339266000,
          1719339386000,
          1719339506000,
          1719339626000,
          1719339746000
        ],
        [
          0,
          0,
          0,
          0,
          0,
          0,
          0,
          0,
          0,
          0,
          0,
          0,
          0,
          0,
          0,
          0,
          0,
          0
        ]
      ]
    }
  },
  {
    "schema": {
      "refId": "A",
      "name": "nvme0n1_pct_util {host: es-master-paid1-es7-3-1a}",
      "fields": [
        {
          "name": "Time",
          "type": "time",
          "config": {}
        },
        {
          "name": "Value",
          "type": "number",
          "config": {
            "displayNameFromDS": "nvme0n1_pct_util {host: es-master-paid1-es7-3-1a}"
          },
          "labels": {
            "host": "es-master-paid1-es7-3-1a"
          }
        }
      ]
    },
    "data": {
      "values": [
        [
          1719337706000,
          1719337826000,
          1719337946000,
          1719338066000,
          1719338186000,
          1719338306000,
          1719338426000,
          1719338546000,
          1719338666000,
          1719338786000,
          1719338906000,
          1719339026000,
          1719339146000,
          1719339266000,
          1719339386000,
          1719339506000,
          1719339626000,
          1719339746000
        ],
        [
          0,
          0,
          0,
          0,
          0,
          0,
          0,
          0,
          0,
          0,
          0,
          0,
          0,
          0,
          0,
          0,
          0,
          0
        ]
      ]
    }
  },
  {
    "schema": {
      "refId": "A",
      "name": "nvme1n1_pct_util {host: es-data-paid1-es7-21-1b}",
      "fields": [
        {
          "name": "Time",
          "type": "time",
          "config": {}
        },
        {
          "name": "Value",
          "type": "number",
          "config": {
            "displayNameFromDS": "nvme1n1_pct_util {host: es-data-paid1-es7-21-1b}"
          },
          "labels": {
            "host": "es-data-paid1-es7-21-1b"
          }
        }
      ]
    },
    "data": {
      "values": [
        [
          1719337706000,
          1719337826000,
          1719337946000,
          1719338066000,
          1719338186000,
          1719338306000,
          1719338426000,
          1719338546000,
          1719338666000,
          1719338786000,
          1719338906000,
          1719339026000,
          1719339146000,
          1719339266000,
          1719339386000,
          1719339506000,
          1719339626000,
          1719339746000
        ],
        [
          1,
          0,
          0,
          0,
          0,
          1,
          1,
          0,
          0,
          0,
          1,
          0,
          0,
          0,
          0,
          0,
          1,
          0
        ]
      ]
    }
  },
  {
    "schema": {
      "refId": "A",
      "name": "nvme1n1_pct_util {host: es-data-paid1-es7-22-1e}",
      "fields": [
        {
          "name": "Time",
          "type": "time",
          "config": {}
        },
        {
          "name": "Value",
          "type": "number",
          "config": {
            "displayNameFromDS": "nvme1n1_pct_util {host: es-data-paid1-es7-22-1e}"
          },
          "labels": {
            "host": "es-data-paid1-es7-22-1e"
          }
        }
      ]
    },
    "data": {
      "values": [
        [
          1719337706000,
          1719337826000,
          1719337946000,
          1719338066000,
          1719338186000,
          1719338306000,
          1719338426000,
          1719338546000,
          1719338666000,
          1719338786000,
          1719338906000,
          1719339026000,
          1719339146000,
          1719339266000,
          1719339386000,
          1719339506000,
          1719339626000,
          1719339746000
        ],
        [
          0,
          0,
          0,
          0,
          0,
          0,
          0,
          0,
          0,
          0,
          0,
          0,
          0,
          0,
          0,
          0,
          32,
          0
        ]
      ]
    }
  },
  {
    "schema": {
      "refId": "A",
      "name": "nvme1n1_pct_util {host: es-data-paid1-es7-23-1b}",
      "fields": [
        {
          "name": "Time",
          "type": "time",
          "config": {}
        },
        {
          "name": "Value",
          "type": "number",
          "config": {
            "displayNameFromDS": "nvme1n1_pct_util {host: es-data-paid1-es7-23-1b}"
          },
          "labels": {
            "host": "es-data-paid1-es7-23-1b"
          }
        }
      ]
    },
    "data": {
      "values": [
        [
          1719337706000,
          1719337826000,
          1719337946000,
          1719338066000,
          1719338186000,
          1719338306000,
          1719338426000,
          1719338546000,
          1719338666000,
          1719338786000,
          1719338906000,
          1719339026000,
          1719339146000,
          1719339266000,
          1719339386000,
          1719339506000,
          1719339626000,
          1719339746000
        ],
        [
          1,
          0,
          0,
          0,
          0,
          0,
          0,
          0,
          0,
          0,
          0,
          0,
          0,
          0,
          0,
          0,
          0,
          0
        ]
      ]
    }
  },
  {
    "schema": {
      "refId": "A",
      "name": "nvme1n1_pct_util {host: es-data-paid1-es7-24-1e}",
      "fields": [
        {
          "name": "Time",
          "type": "time",
          "config": {}
        },
        {
          "name": "Value",
          "type": "number",
          "config": {
            "displayNameFromDS": "nvme1n1_pct_util {host: es-data-paid1-es7-24-1e}"
          },
          "labels": {
            "host": "es-data-paid1-es7-24-1e"
          }
        }
      ]
    },
    "data": {
      "values": [
        [
          1719337706000,
          1719337826000,
          1719337946000,
          1719338066000,
          1719338186000,
          1719338306000,
          1719338426000,
          1719338546000,
          1719338666000,
          1719338786000,
          1719338906000,
          1719339026000,
          1719339146000,
          1719339266000,
          1719339386000,
          1719339506000,
          1719339626000,
          1719339746000
        ],
        [
          0,
          1,
          0,
          0,
          0,
          0,
          0,
          0,
          0,
          0,
          0,
          0,
          0,
          56,
          33,
          38,
          54,
          0
        ]
      ]
    }
  },
  {
    "schema": {
      "refId": "A",
      "name": "nvme1n1_pct_util {host: es-data-paid1-es7-27-1b}",
      "fields": [
        {
          "name": "Time",
          "type": "time",
          "config": {}
        },
        {
          "name": "Value",
          "type": "number",
          "config": {
            "displayNameFromDS": "nvme1n1_pct_util {host: es-data-paid1-es7-27-1b}"
          },
          "labels": {
            "host": "es-data-paid1-es7-27-1b"
          }
        }
      ]
    },
    "data": {
      "values": [
        [
          1719337706000,
          1719337826000,
          1719337946000,
          1719338066000,
          1719338186000,
          1719338306000,
          1719338426000,
          1719338546000,
          1719338666000,
          1719338786000,
          1719338906000,
          1719339026000,
          1719339146000,
          1719339266000,
          1719339386000,
          1719339506000,
          1719339626000,
          1719339746000
        ],
        [
          0,
          0,
          0,
          0,
          0,
          0,
          0,
          0,
          0,
          0,
          0,
          0,
          0,
          20,
          52,
          0,
          19,
          0
        ]
      ]
    }
  },
  {
    "schema": {
      "refId": "A",
      "name": "nvme1n1_pct_util {host: es-data-paid1-es7-28-1e}",
      "fields": [
        {
          "name": "Time",
          "type": "time",
          "config": {}
        },
        {
          "name": "Value",
          "type": "number",
          "config": {
            "displayNameFromDS": "nvme1n1_pct_util {host: es-data-paid1-es7-28-1e}"
          },
          "labels": {
            "host": "es-data-paid1-es7-28-1e"
          }
        }
      ]
    },
    "data": {
      "values": [
        [
          1719337706000,
          1719337826000,
          1719337946000,
          1719338066000,
          1719338186000,
          1719338306000,
          1719338426000,
          1719338546000,
          1719338666000,
          1719338786000,
          1719338906000,
          1719339026000,
          1719339146000,
          1719339266000,
          1719339386000,
          1719339506000,
          1719339626000,
          1719339746000
        ],
        [
          1,
          0,
          0,
          0,
          0,
          0,
          0,
          1,
          0,
          0,
          0,
          0,
          0,
          54,
          87,
          20,
          34,
          1
        ]
      ]
    }
  },
  {
    "schema": {
      "refId": "A",
      "name": "nvme1n1_pct_util {host: es-data-paid1-es7-29-1b}",
      "fields": [
        {
          "name": "Time",
          "type": "time",
          "config": {}
        },
        {
          "name": "Value",
          "type": "number",
          "config": {
            "displayNameFromDS": "nvme1n1_pct_util {host: es-data-paid1-es7-29-1b}"
          },
          "labels": {
            "host": "es-data-paid1-es7-29-1b"
          }
        }
      ]
    },
    "data": {
      "values": [
        [
          1719337706000,
          1719337826000,
          1719337946000,
          1719338066000,
          1719338186000,
          1719338306000,
          1719338426000,
          1719338546000,
          1719338666000,
          1719338786000,
          1719338906000,
          1719339026000,
          1719339146000,
          1719339266000,
          1719339386000,
          1719339506000,
          1719339626000,
          1719339746000
        ],
        [
          0,
          0,
          0,
          0,
          0,
          1,
          0,
          0,
          0,
          0,
          0,
          0,
          0,
          101,
          101,
          84,
          100,
          101
        ]
      ]
    }
  },
  {
    "schema": {
      "refId": "A",
      "name": "nvme1n1_pct_util {host: es-data-paid1-es7-30-1e}",
      "fields": [
        {
          "name": "Time",
          "type": "time",
          "config": {}
        },
        {
          "name": "Value",
          "type": "number",
          "config": {
            "displayNameFromDS": "nvme1n1_pct_util {host: es-data-paid1-es7-30-1e}"
          },
          "labels": {
            "host": "es-data-paid1-es7-30-1e"
          }
        }
      ]
    },
    "data": {
      "values": [
        [
          1719337706000,
          1719337826000,
          1719337946000,
          1719338066000,
          1719338186000,
          1719338306000,
          1719338426000,
          1719338546000,
          1719338666000,
          1719338786000,
          1719338906000,
          1719339026000,
          1719339146000,
          1719339266000,
          1719339386000,
          1719339506000,
          1719339626000,
          1719339746000
        ],
        [
          0,
          0,
          0,
          0,
          0,
          0,
          0,
          0,
          1,
          0,
          0,
          0,
          0,
          67,
          1,
          9,
          1,
          61
        ]
      ]
    }
  },
  {
    "schema": {
      "refId": "A",
      "name": "nvme1n1_pct_util {host: es-master-paid1-es7-1-1b}",
      "fields": [
        {
          "name": "Time",
          "type": "time",
          "config": {}
        },
        {
          "name": "Value",
          "type": "number",
          "config": {
            "displayNameFromDS": "nvme1n1_pct_util {host: es-master-paid1-es7-1-1b}"
          },
          "labels": {
            "host": "es-master-paid1-es7-1-1b"
          }
        }
      ]
    },
    "data": {
      "values": [
        [
          1719337706000,
          1719337826000,
          1719337946000,
          1719338066000,
          1719338186000,
          1719338306000,
          1719338426000,
          1719338546000,
          1719338666000,
          1719338786000,
          1719338906000,
          1719339026000,
          1719339146000,
          1719339266000,
          1719339386000,
          1719339506000,
          1719339626000,
          1719339746000
        ],
        [
          0,
          0,
          0,
          0,
          0,
          0,
          0,
          0,
          0,
          0,
          0,
          0,
          0,
          0,
          0,
          0,
          0,
          0
        ]
      ]
    }
  },
  {
    "schema": {
      "refId": "A",
      "name": "nvme1n1_pct_util {host: es-master-paid1-es7-2-1c}",
      "fields": [
        {
          "name": "Time",
          "type": "time",
          "config": {}
        },
        {
          "name": "Value",
          "type": "number",
          "config": {
            "displayNameFromDS": "nvme1n1_pct_util {host: es-master-paid1-es7-2-1c}"
          },
          "labels": {
            "host": "es-master-paid1-es7-2-1c"
          }
        }
      ]
    },
    "data": {
      "values": [
        [
          1719337706000,
          1719337826000,
          1719337946000,
          1719338066000,
          1719338186000,
          1719338306000,
          1719338426000,
          1719338546000,
          1719338666000,
          1719338786000,
          1719338906000,
          1719339026000,
          1719339146000,
          1719339266000,
          1719339386000,
          1719339506000,
          1719339626000,
          1719339746000
        ],
        [
          0,
          0,
          0,
          0,
          0,
          0,
          0,
          0,
          0,
          0,
          0,
          0,
          0,
          0,
          0,
          0,
          0,
          0
        ]
      ]
    }
  },
  {
    "schema": {
      "refId": "A",
      "name": "nvme1n1_pct_util {host: es-master-paid1-es7-3-1a}",
      "fields": [
        {
          "name": "Time",
          "type": "time",
          "config": {}
        },
        {
          "name": "Value",
          "type": "number",
          "config": {
            "displayNameFromDS": "nvme1n1_pct_util {host: es-master-paid1-es7-3-1a}"
          },
          "labels": {
            "host": "es-master-paid1-es7-3-1a"
          }
        }
      ]
    },
    "data": {
      "values": [
        [
          1719337706000,
          1719337826000,
          1719337946000,
          1719338066000,
          1719338186000,
          1719338306000,
          1719338426000,
          1719338546000,
          1719338666000,
          1719338786000,
          1719338906000,
          1719339026000,
          1719339146000,
          1719339266000,
          1719339386000,
          1719339506000,
          1719339626000,
          1719339746000
        ],
        [
          0,
          0,
          0,
          0,
          0,
          0,
          0,
          0,
          0,
          0,
          0,
          0,
          0,
          0,
          0,
          0,
          0,
          0
        ]
      ]
    }
  },
  {
    "schema": {
      "refId": "A",
      "name": "nvme2n1_pct_util {host: es-data-paid1-es7-21-1b}",
      "fields": [
        {
          "name": "Time",
          "type": "time",
          "config": {}
        },
        {
          "name": "Value",
          "type": "number",
          "config": {
            "displayNameFromDS": "nvme2n1_pct_util {host: es-data-paid1-es7-21-1b}"
          },
          "labels": {
            "host": "es-data-paid1-es7-21-1b"
          }
        }
      ]
    },
    "data": {
      "values": [
        [
          1719337706000,
          1719337826000,
          1719337946000,
          1719338066000,
          1719338186000,
          1719338306000,
          1719338426000,
          1719338546000,
          1719338666000,
          1719338786000,
          1719338906000,
          1719339026000,
          1719339146000,
          1719339266000,
          1719339386000,
          1719339506000,
          1719339626000,
          1719339746000
        ],
        [
          0,
          0,
          0,
          0,
          0,
          0,
          0,
          0,
          0,
          0,
          0,
          0,
          0,
          0,
          0,
          0,
          0,
          0
        ]
      ]
    }
  },
  {
    "schema": {
      "refId": "A",
      "name": "nvme2n1_pct_util {host: es-data-paid1-es7-22-1e}",
      "fields": [
        {
          "name": "Time",
          "type": "time",
          "config": {}
        },
        {
          "name": "Value",
          "type": "number",
          "config": {
            "displayNameFromDS": "nvme2n1_pct_util {host: es-data-paid1-es7-22-1e}"
          },
          "labels": {
            "host": "es-data-paid1-es7-22-1e"
          }
        }
      ]
    },
    "data": {
      "values": [
        [
          1719337706000,
          1719337826000,
          1719337946000,
          1719338066000,
          1719338186000,
          1719338306000,
          1719338426000,
          1719338546000,
          1719338666000,
          1719338786000,
          1719338906000,
          1719339026000,
          1719339146000,
          1719339266000,
          1719339386000,
          1719339506000,
          1719339626000,
          1719339746000
        ],
        [
          0,
          0,
          0,
          0,
          0,
          0,
          0,
          0,
          0,
          0,
          0,
          0,
          0,
          0,
          0,
          0,
          0,
          0
        ]
      ]
    }
  },
  {
    "schema": {
      "refId": "A",
      "name": "nvme2n1_pct_util {host: es-data-paid1-es7-23-1b}",
      "fields": [
        {
          "name": "Time",
          "type": "time",
          "config": {}
        },
        {
          "name": "Value",
          "type": "number",
          "config": {
            "displayNameFromDS": "nvme2n1_pct_util {host: es-data-paid1-es7-23-1b}"
          },
          "labels": {
            "host": "es-data-paid1-es7-23-1b"
          }
        }
      ]
    },
    "data": {
      "values": [
        [
          1719337706000,
          1719337826000,
          1719337946000,
          1719338066000,
          1719338186000,
          1719338306000,
          1719338426000,
          1719338546000,
          1719338666000,
          1719338786000,
          1719338906000,
          1719339026000,
          1719339146000,
          1719339266000,
          1719339386000,
          1719339506000,
          1719339626000,
          1719339746000
        ],
        [
          0,
          0,
          0,
          0,
          0,
          0,
          0,
          0,
          0,
          0,
          0,
          0,
          0,
          0,
          0,
          0,
          0,
          0
        ]
      ]
    }
  },
  {
    "schema": {
      "refId": "A",
      "name": "nvme2n1_pct_util {host: es-data-paid1-es7-24-1e}",
      "fields": [
        {
          "name": "Time",
          "type": "time",
          "config": {}
        },
        {
          "name": "Value",
          "type": "number",
          "config": {
            "displayNameFromDS": "nvme2n1_pct_util {host: es-data-paid1-es7-24-1e}"
          },
          "labels": {
            "host": "es-data-paid1-es7-24-1e"
          }
        }
      ]
    },
    "data": {
      "values": [
        [
          1719337706000,
          1719337826000,
          1719337946000,
          1719338066000,
          1719338186000,
          1719338306000,
          1719338426000,
          1719338546000,
          1719338666000,
          1719338786000,
          1719338906000,
          1719339026000,
          1719339146000,
          1719339266000,
          1719339386000,
          1719339506000,
          1719339626000,
          1719339746000
        ],
        [
          0,
          0,
          0,
          0,
          0,
          0,
          0,
          0,
          0,
          0,
          0,
          0,
          0,
          0,
          0,
          0,
          0,
          0
        ]
      ]
    }
  },
  {
    "schema": {
      "refId": "A",
      "name": "nvme2n1_pct_util {host: es-data-paid1-es7-27-1b}",
      "fields": [
        {
          "name": "Time",
          "type": "time",
          "config": {}
        },
        {
          "name": "Value",
          "type": "number",
          "config": {
            "displayNameFromDS": "nvme2n1_pct_util {host: es-data-paid1-es7-27-1b}"
          },
          "labels": {
            "host": "es-data-paid1-es7-27-1b"
          }
        }
      ]
    },
    "data": {
      "values": [
        [
          1719337706000,
          1719337826000,
          1719337946000,
          1719338066000,
          1719338186000,
          1719338306000,
          1719338426000,
          1719338546000,
          1719338666000,
          1719338786000,
          1719338906000,
          1719339026000,
          1719339146000,
          1719339266000,
          1719339386000,
          1719339506000,
          1719339626000,
          1719339746000
        ],
        [
          0,
          0,
          0,
          0,
          0,
          0,
          0,
          0,
          0,
          0,
          0,
          0,
          0,
          0,
          0,
          0,
          0,
          0
        ]
      ]
    }
  },
  {
    "schema": {
      "refId": "A",
      "name": "nvme2n1_pct_util {host: es-data-paid1-es7-28-1e}",
      "fields": [
        {
          "name": "Time",
          "type": "time",
          "config": {}
        },
        {
          "name": "Value",
          "type": "number",
          "config": {
            "displayNameFromDS": "nvme2n1_pct_util {host: es-data-paid1-es7-28-1e}"
          },
          "labels": {
            "host": "es-data-paid1-es7-28-1e"
          }
        }
      ]
    },
    "data": {
      "values": [
        [
          1719337706000,
          1719337826000,
          1719337946000,
          1719338066000,
          1719338186000,
          1719338306000,
          1719338426000,
          1719338546000,
          1719338666000,
          1719338786000,
          1719338906000,
          1719339026000,
          1719339146000,
          1719339266000,
          1719339386000,
          1719339506000,
          1719339626000,
          1719339746000
        ],
        [
          0,
          0,
          0,
          0,
          0,
          0,
          0,
          0,
          0,
          0,
          0,
          0,
          0,
          0,
          0,
          0,
          0,
          0
        ]
      ]
    }
  },
  {
    "schema": {
      "refId": "A",
      "name": "nvme2n1_pct_util {host: es-data-paid1-es7-29-1b}",
      "fields": [
        {
          "name": "Time",
          "type": "time",
          "config": {}
        },
        {
          "name": "Value",
          "type": "number",
          "config": {
            "displayNameFromDS": "nvme2n1_pct_util {host: es-data-paid1-es7-29-1b}"
          },
          "labels": {
            "host": "es-data-paid1-es7-29-1b"
          }
        }
      ]
    },
    "data": {
      "values": [
        [
          1719337706000,
          1719337826000,
          1719337946000,
          1719338066000,
          1719338186000,
          1719338306000,
          1719338426000,
          1719338546000,
          1719338666000,
          1719338786000,
          1719338906000,
          1719339026000,
          1719339146000,
          1719339266000,
          1719339386000,
          1719339506000,
          1719339626000,
          1719339746000
        ],
        [
          0,
          0,
          0,
          0,
          0,
          0,
          0,
          0,
          0,
          0,
          0,
          0,
          0,
          0,
          0,
          0,
          0,
          0
        ]
      ]
    }
  },
  {
    "schema": {
      "refId": "A",
      "name": "nvme2n1_pct_util {host: es-data-paid1-es7-30-1e}",
      "fields": [
        {
          "name": "Time",
          "type": "time",
          "config": {}
        },
        {
          "name": "Value",
          "type": "number",
          "config": {
            "displayNameFromDS": "nvme2n1_pct_util {host: es-data-paid1-es7-30-1e}"
          },
          "labels": {
            "host": "es-data-paid1-es7-30-1e"
          }
        }
      ]
    },
    "data": {
      "values": [
        [
          1719337706000,
          1719337826000,
          1719337946000,
          1719338066000,
          1719338186000,
          1719338306000,
          1719338426000,
          1719338546000,
          1719338666000,
          1719338786000,
          1719338906000,
          1719339026000,
          1719339146000,
          1719339266000,
          1719339386000,
          1719339506000,
          1719339626000,
          1719339746000
        ],
        [
          0,
          0,
          0,
          0,
          0,
          0,
          0,
          0,
          0,
          0,
          0,
          0,
          0,
          0,
          0,
          0,
          0,
          0
        ]
      ]
    }
  }
]