[
  {
    "schema": {
      "refId": "A",
      "meta": {
        "executedQueryString": "SELECT \"value\" FROM \"default\".\"es-jvm_jvm_gc_collectors_old_collection_count\" WHERE (\"host\" =~ /(es-data-paid1-es7-21-1b|es-data-paid1-es7-22-1e|es-data-paid1-es7-23-1b|es-data-paid1-es7-24-1e|es-data-paid1-es7-27-1b|es-data-paid1-es7-28-1e|es-data-paid1-es7-29-1b|es-data-paid1-es7-30-1e|es-master-paid1-es7-1-1b|es-master-paid1-es7-2-1c|es-master-paid1-es7-3-1a)$/) AND time >= 1719942588748ms and time <= 1719944989149ms GROUP BY \"host\""
      },
      "name": "es-jvm_jvm_gc_collectors_old_collection_count {host: es-data-paid1-es7-21-1b}",
      "fields": [
        {
          "name": "Time",
          "type": "time",
          "config": {}
        },
        {
          "name": "Value",
          "type": "number",
          "config": {
            "displayNameFromDS": "es-jvm_jvm_gc_collectors_old_collection_count {host: es-data-paid1-es7-21-1b}"
          },
          "labels": {
            "host": "es-data-paid1-es7-21-1b"
          }
        }
      ]
    },
    "data": {
      "values": [
        [
          1719942590000,
          1719942650000,
          1719942710000,
          1719942770000,
          1719942830000,
          1719942890000,
          1719942950000,
          1719943010000,
          1719943070000,
          1719943130000,
          1719943190000,
          1719943250000,
          1719943310000,
          1719943370000,
          1719943430000,
          1719943490000,
          1719943550000,
          1719943610000,
          1719943670000,
          1719943730000,
          1719943790000,
          1719943850000,
          1719943910000,
          1719943970000,
          1719944030000,
          1719944090000,
          1719944150000,
          1719944210000,
          1719944270000,
          1719944330000,
          1719944390000,
          1719944450000,
          1719944510000,
          1719944570000,
          1719944630000,
          1719944690000,
          1719944750000,
          1719944810000,
          1719944870000,
          1719944930000
        ],
        [
          0,
          0,
          0,
          0,
          0,
          0,
          0,
          0,
          0,
          1,
          0,
          0,
          0,
          0,
          0,
          0,
          0,
          0,
          0,
          0,
          0,
          0,
          0,
          0,
          0,
          0,
          0,
          0,
          0,
          0,
          0,
          0,
          0,
          0,
          0,
          0,
          0,
          0,
          0,
          0
        ]
      ]
    }
  },
  {
    "schema": {
      "refId": "A",
      "name": "es-jvm_jvm_gc_collectors_old_collection_count {host: es-data-paid1-es7-22-1e}",
      "fields": [
        {
          "name": "Time",
          "type": "time",
          "config": {}
        },
        {
          "name": "Value",
          "type": "number",
          "config": {
            "displayNameFromDS": "es-jvm_jvm_gc_collectors_old_collection_count {host: es-data-paid1-es7-22-1e}"
          },
          "labels": {
            "host": "es-data-paid1-es7-22-1e"
          }
        }
      ]
    },
    "data": {
      "values": [
        [
          1719942590000,
          1719942650000,
          1719942710000,
          1719942770000,
          1719942830000,
          1719942890000,
          1719942950000,
          1719943010000,
          1719943070000,
          1719943130000,
          1719943190000,
          1719943250000,
          1719943310000,
          1719943370000,
          1719943430000,
          1719943490000,
          1719944270000,
          1719944330000,
          1719944390000,
          1719944450000,
          1719944510000,
          1719944570000,
          1719944630000,
          1719944690000,
          1719944750000,
          1719944810000,
          1719944870000,
          1719944930000
        ],
        [
          0,
          0,
          0,
          0,
          0,
          0,
          0,
          0,
          0,
          0,
          0,
          0,
          0,
          1,
          1,
          13,
          -15,
          0,
          0,
          0,
          0,
          0,
          0,
          0,
          0,
          0,
          0,
          0
        ]
      ]
    }
  },
  {
    "schema": {
      "refId": "A",
      "name": "es-jvm_jvm_gc_collectors_old_collection_count {host: es-data-paid1-es7-23-1b}",
      "fields": [
        {
          "name": "Time",
          "type": "time",
          "config": {}
        },
        {
          "name": "Value",
          "type": "number",
          "config": {
            "displayNameFromDS": "es-jvm_jvm_gc_collectors_old_collection_count {host: es-data-paid1-es7-23-1b}"
          },
          "labels": {
            "host": "es-data-paid1-es7-23-1b"
          }
        }
      ]
    },
    "data": {
      "values": [
        [
          1719942590000,
          1719942650000,
          1719942710000,
          1719942770000,
          1719942830000,
          1719942890000,
          1719942950000,
          1719943010000,
          1719943070000,
          1719943130000,
          1719943190000,
          1719943250000,
          1719943310000,
          1719943370000,
          1719943430000,
          1719943490000,
          1719943550000,
          1719943610000,
          1719943670000,
          1719943730000,
          1719943790000,
          1719943850000,
          1719943910000,
          1719943970000,
          1719944030000,
          1719944090000,
          1719944150000,
          1719944210000,
          1719944270000,
          1719944330000,
          1719944390000,
          1719944450000,
          1719944510000,
          1719944570000,
          1719944630000,
          1719944690000,
          1719944750000,
          1719944810000,
          1719944870000,
          1719944930000
        ],
        [
          0,
          0,
          0,
          0,
          0,
          0,
          0,
          0,
          0,
          0,
          0,
          0,
          0,
          0,
          0,
          0,
          0,
          0,
          0,
          0,
          0,
          0,
          0,
          0,
          0,
          0,
          0,
          0,
          0,
          0,
          0,
          0,
          0,
          0,
          0,
          0,
          0,
          0,
          0,
          0
        ]
      ]
    }
  },
  {
    "schema": {
      "refId": "A",
      "name": "es-jvm_jvm_gc_collectors_old_collection_count {host: es-data-paid1-es7-24-1e}",
      "fields": [
        {
          "name": "Time",
          "type": "time",
          "config": {}
        },
        {
          "name": "Value",
          "type": "number",
          "config": {
            "displayNameFromDS": "es-jvm_jvm_gc_collectors_old_collection_count {host: es-data-paid1-es7-24-1e}"
          },
          "labels": {
            "host": "es-data-paid1-es7-24-1e"
          }
        }
      ]
    },
    "data": {
      "values": [
        [
          1719942590000,
          1719942650000,
          1719942710000,
          1719942770000,
          1719942830000,
          1719942890000,
          1719942950000,
          1719943010000,
          1719943070000,
          1719943130000,
          1719943190000,
          1719943250000,
          1719943310000,
          1719943370000,
          1719943430000,
          1719943490000,
          1719943550000,
          1719943610000,
          1719943670000,
          1719943730000,
          1719943790000,
          1719943850000,
          1719943910000,
          1719943970000,
          1719944030000,
          1719944090000,
          1719944150000,
          1719944210000,
          1719944270000,
          1719944330000,
          1719944390000,
          1719944450000,
          1719944510000,
          1719944570000,
          1719944630000,
          1719944690000,
          1719944750000,
          1719944810000,
          1719944870000,
          1719944930000
        ],
        [
          0,
          0,
          0,
          0,
          0,
          0,
          0,
          0,
          0,
          0,
          0,
          1,
          0,
          0,
          0,
          0,
          0,
          0,
          0,
          0,
          0,
          0,
          0,
          0,
          0,
          0,
          0,
          0,
          0,
          0,
          0,
          0,
          0,
          0,
          0,
          0,
          0,
          0,
          0,
          0
        ]
      ]
    }
  },
  {
    "schema": {
      "refId": "A",
      "name": "es-jvm_jvm_gc_collectors_old_collection_count {host: es-data-paid1-es7-27-1b}",
      "fields": [
        {
          "name": "Time",
          "type": "time",
          "config": {}
        },
        {
          "name": "Value",
          "type": "number",
          "config": {
            "displayNameFromDS": "es-jvm_jvm_gc_collectors_old_collection_count {host: es-data-paid1-es7-27-1b}"
          },
          "labels": {
            "host": "es-data-paid1-es7-27-1b"
          }
        }
      ]
    },
    "data": {
      "values": [
        [
          1719942590000,
          1719942650000,
          1719942710000,
          1719942770000,
          1719942830000,
          1719942890000,
          1719942950000,
          1719943010000,
          1719943070000,
          1719943130000,
          1719943190000,
          1719943250000,
          1719943310000,
          1719943370000,
          1719943430000,
          1719943490000,
          1719943550000,
          1719943610000,
          1719943670000,
          1719943730000,
          1719943790000,
          1719943850000,
          1719943910000,
          1719943970000,
          1719944030000,
          1719944090000,
          1719944150000,
          1719944210000,
          1719944270000,
          1719944330000,
          1719944390000,
          1719944450000,
          1719944510000,
          1719944570000,
          1719944630000,
          1719944690000,
          1719944750000,
          1719944810000,
          1719944870000,
          1719944930000
        ],
        [
          0,
          0,
          0,
          0,
          0,
          0,
          0,
          0,
          0,
          0,
          0,
          0,
          1,
          0,
          0,
          1,
          0,
          0,
          0,
          0,
          0,
          0,
          0,
          0,
          0,
          0,
          0,
          0,
          0,
          0,
          0,
          0,
          0,
          0,
          0,
          0,
          0,
          0,
          0,
          0
        ]
      ]
    }
  },
  {
    "schema": {
      "refId": "A",
      "name": "es-jvm_jvm_gc_collectors_old_collection_count {host: es-data-paid1-es7-28-1e}",
      "fields": [
        {
          "name": "Time",
          "type": "time",
          "config": {}
        },
        {
          "name": "Value",
          "type": "number",
          "config": {
            "displayNameFromDS": "es-jvm_jvm_gc_collectors_old_collection_count {host: es-data-paid1-es7-28-1e}"
          },
          "labels": {
            "host": "es-data-paid1-es7-28-1e"
          }
        }
      ]
    },
    "data": {
      "values": [
        [
          1719942590000,
          1719942650000,
          1719942710000,
          1719942770000,
          1719942830000,
          1719942890000,
          1719942950000,
          1719943010000,
          1719943070000,
          1719943130000,
          1719943190000,
          1719943250000,
          1719943310000,
          1719943370000,
          1719943430000,
          1719943490000,
          1719943550000,
          1719943610000,
          1719943670000,
          1719943730000,
          1719943790000,
          1719943850000,
          1719943910000,
          1719943970000,
          1719944030000,
          1719944090000,
          1719944150000,
          1719944210000,
          1719944270000,
          1719944330000,
          1719944390000,
          1719944450000,
          1719944510000,
          1719944570000,
          1719944630000,
          1719944690000,
          1719944750000,
          1719944810000,
          1719944870000,
          1719944930000
        ],
        [
          0,
          0,
          0,
          0,
          0,
          0,
          0,
          0,
          0,
          0,
          0,
          0,
          0,
          0,
          0,
          0,
          0,
          1,
          1,
          0,
          1,
          0,
          0,
          0,
          0,
          0,
          0,
          0,
          0,
          0,
          0,
          0,
          0,
          0,
          0,
          0,
          0,
          0,
          0,
          0
        ]
      ]
    }
  },
  {
    "schema": {
      "refId": "A",
      "name": "es-jvm_jvm_gc_collectors_old_collection_count {host: es-data-paid1-es7-29-1b}",
      "fields": [
        {
          "name": "Time",
          "type": "time",
          "config": {}
        },
        {
          "name": "Value",
          "type": "number",
          "config": {
            "displayNameFromDS": "es-jvm_jvm_gc_collectors_old_collection_count {host: es-data-paid1-es7-29-1b}"
          },
          "labels": {
            "host": "es-data-paid1-es7-29-1b"
          }
        }
      ]
    },
    "data": {
      "values": [
        [
          1719942590000,
          1719942650000,
          1719942710000,
          1719942770000,
          1719942830000,
          1719942890000,
          1719942950000,
          1719943010000,
          1719943070000,
          1719943130000,
          1719943190000,
          1719943250000,
          1719943310000,
          1719943370000,
          1719943430000,
          1719943490000,
          1719943550000,
          1719943610000,
          1719943670000,
          1719943730000,
          1719943790000,
          1719943850000,
          1719943910000,
          1719943970000,
          1719944030000,
          1719944090000,
          1719944150000,
          1719944210000,
          1719944270000,
          1719944330000,
          1719944390000,
          1719944450000,
          1719944510000,
          1719944570000,
          1719944630000,
          1719944690000,
          1719944750000,
          1719944810000,
          1719944870000,
          1719944930000
        ],
        [
          0,
          0,
          0,
          0,
          0,
          0,
          0,
          0,
          0,
          0,
          0,
          0,
          0,
          0,
          0,
          0,
          0,
          0,
          0,
          0,
          0,
          0,
          0,
          0,
          0,
          0,
          0,
          0,
          0,
          0,
          0,
          0,
          0,
          0,
          0,
          0,
          0,
          0,
          0,
          0
        ]
      ]
    }
  },
  {
    "schema": {
      "refId": "A",
      "name": "es-jvm_jvm_gc_collectors_old_collection_count {host: es-data-paid1-es7-30-1e}",
      "fields": [
        {
          "name": "Time",
          "type": "time",
          "config": {}
        },
        {
          "name": "Value",
          "type": "number",
          "config": {
            "displayNameFromDS": "es-jvm_jvm_gc_collectors_old_collection_count {host: es-data-paid1-es7-30-1e}"
          },
          "labels": {
            "host": "es-data-paid1-es7-30-1e"
          }
        }
      ]
    },
    "data": {
      "values": [
        [
          1719942590000,
          1719942650000,
          1719942710000,
          1719942770000,
          1719942830000,
          1719942890000,
          1719942950000,
          1719943010000,
          1719943070000,
          1719943130000,
          1719943190000,
          1719943250000,
          1719943310000,
          1719943370000,
          1719943430000,
          1719943490000,
          1719943550000,
          1719943610000,
          1719943670000,
          1719943730000,
          1719943790000,
          1719943850000,
          1719943910000,
          1719943970000,
          1719944030000,
          1719944090000,
          1719944150000,
          1719944210000,
          1719944270000,
          1719944330000,
          1719944390000,
          1719944450000,
          1719944510000,
          1719944570000,
          1719944630000,
          1719944690000,
          1719944750000,
          1719944810000,
          1719944870000,
          1719944930000
        ],
        [
          0,
          0,
          0,
          0,
          0,
          0,
          0,
          0,
          0,
          0,
          0,
          0,
          0,
          0,
          0,
          0,
          0,
          0,
          0,
          0,
          0,
          0,
          0,
          0,
          0,
          0,
          0,
          0,
          0,
          0,
          0,
          0,
          0,
          0,
          0,
          0,
          0,
          0,
          0,
          0
        ]
      ]
    }
  },
  {
    "schema": {
      "refId": "A",
      "name": "es-jvm_jvm_gc_collectors_old_collection_count {host: es-master-paid1-es7-1-1b}",
      "fields": [
        {
          "name": "Time",
          "type": "time",
          "config": {}
        },
        {
          "name": "Value",
          "type": "number",
          "config": {
            "displayNameFromDS": "es-jvm_jvm_gc_collectors_old_collection_count {host: es-master-paid1-es7-1-1b}"
          },
          "labels": {
            "host": "es-master-paid1-es7-1-1b"
          }
        }
      ]
    },
    "data": {
      "values": [
        [
          1719942590000,
          1719942650000,
          1719942710000,
          1719942770000,
          1719942830000,
          1719942890000,
          1719942950000,
          1719943010000,
          1719943070000,
          1719943130000,
          1719943190000,
          1719943250000,
          1719943310000,
          1719943370000,
          1719943430000,
          1719943490000,
          1719943550000,
          1719943610000,
          1719943670000,
          1719943730000,
          1719943790000,
          1719943850000,
          1719943910000,
          1719943970000,
          1719944030000,
          1719944090000,
          1719944150000,
          1719944210000,
          1719944270000,
          1719944330000,
          1719944390000,
          1719944450000,
          1719944510000,
          1719944570000,
          1719944630000,
          1719944690000,
          1719944750000,
          1719944810000,
          1719944870000,
          1719944930000
        ],
        [
          0,
          0,
          0,
          0,
          0,
          0,
          0,
          0,
          0,
          0,
          0,
          0,
          0,
          0,
          0,
          0,
          0,
          0,
          0,
          0,
          0,
          0,
          0,
          0,
          0,
          0,
          0,
          0,
          0,
          0,
          0,
          0,
          0,
          0,
          0,
          0,
          0,
          0,
          0,
          0
        ]
      ]
    }
  },
  {
    "schema": {
      "refId": "A",
      "name": "es-jvm_jvm_gc_collectors_old_collection_count {host: es-master-paid1-es7-2-1c}",
      "fields": [
        {
          "name": "Time",
          "type": "time",
          "config": {}
        },
        {
          "name": "Value",
          "type": "number",
          "config": {
            "displayNameFromDS": "es-jvm_jvm_gc_collectors_old_collection_count {host: es-master-paid1-es7-2-1c}"
          },
          "labels": {
            "host": "es-master-paid1-es7-2-1c"
          }
        }
      ]
    },
    "data": {
      "values": [
        [
          1719942590000,
          1719942650000,
          1719942710000,
          1719942770000,
          1719942830000,
          1719942890000,
          1719942950000,
          1719943010000,
          1719943070000,
          1719943130000,
          1719943190000,
          1719943250000,
          1719943310000,
          1719943370000,
          1719943430000,
          1719943490000,
          1719943550000,
          1719943610000,
          1719943670000,
          1719943730000,
          1719943790000,
          1719943850000,
          1719943910000,
          1719943970000,
          1719944030000,
          1719944090000,
          1719944150000,
          1719944210000,
          1719944270000,
          1719944330000,
          1719944390000,
          1719944450000,
          1719944510000,
          1719944570000,
          1719944630000,
          1719944690000,
          1719944750000,
          1719944810000,
          1719944870000,
          1719944930000
        ],
        [
          0,
          0,
          0,
          0,
          0,
          0,
          0,
          0,
          0,
          0,
          0,
          0,
          0,
          0,
          0,
          0,
          0,
          0,
          0,
          0,
          0,
          0,
          0,
          0,
          0,
          0,
          0,
          0,
          0,
          0,
          0,
          0,
          0,
          0,
          0,
          0,
          0,
          0,
          0,
          0
        ]
      ]
    }
  },
  {
    "schema": {
      "refId": "A",
      "name": "es-jvm_jvm_gc_collectors_old_collection_count {host: es-master-paid1-es7-3-1a}",
      "fields": [
        {
          "name": "Time",
          "type": "time",
          "config": {}
        },
        {
          "name": "Value",
          "type": "number",
          "config": {
            "displayNameFromDS": "es-jvm_jvm_gc_collectors_old_collection_count {host: es-master-paid1-es7-3-1a}"
          },
          "labels": {
            "host": "es-master-paid1-es7-3-1a"
          }
        }
      ]
    },
    "data": {
      "values": [
        [
          1719942590000,
          1719942650000,
          1719942710000,
          1719942770000,
          1719942830000,
          1719942890000,
          1719942950000,
          1719943010000,
          1719943070000,
          1719943130000,
          1719943190000,
          1719943250000,
          1719943310000,
          1719943370000,
          1719943430000,
          1719943490000,
          1719943550000,
          1719943610000,
          1719943670000,
          1719943730000,
          1719943790000,
          1719943850000,
          1719943910000,
          1719943970000,
          1719944030000,
          1719944090000,
          1719944150000,
          1719944210000,
          1719944270000,
          1719944330000,
          1719944390000,
          1719944450000,
          1719944510000,
          1719944570000,
          1719944630000,
          1719944690000,
          1719944750000,
          1719944810000,
          1719944870000,
          1719944930000
        ],
        [
          0,
          0,
          0,
          0,
          0,
          0,
          0,
          0,
          0,
          0,
          0,
          0,
          0,
          0,
          0,
          0,
          0,
          0,
          0,
          0,
          0,
          0,
          0,
          0,
          0,
          0,
          0,
          0,
          0,
          0,
          0,
          0,
          0,
          0,
          0,
          0,
          0,
          0,
          0,
          0
        ]
      ]
    }
  }
]