[
  {
    "schema": {
      "refId": "A",
      "meta": {
        "executedQueryString": "SELECT \"value\" FROM \"default\".\"es-jvm_jvm_gc_collectors_old_collection_count\" WHERE (\"host\" =~ /(es-data-paid1-es7-21-1b|es-data-paid1-es7-22-1e|es-data-paid1-es7-23-1b|es-data-paid1-es7-24-1e|es-data-paid1-es7-27-1b|es-data-paid1-es7-28-1e|es-data-paid1-es7-29-1b|es-data-paid1-es7-30-1e|es-master-paid1-es7-1-1b|es-master-paid1-es7-2-1c|es-master-paid1-es7-3-1a)$/) AND time >= 1719926390145ms and time <= 1719928804490ms GROUP BY \"host\""
      },
      "name": "es-jvm_jvm_gc_collectors_old_collection_count {host: es-data-paid1-es7-21-1b}",
      "fields": [
        {
          "name": "Time",
          "type": "time",
          "config": {}
        },
        {
          "name": "Value",
          "type": "number",
          "config": {
            "displayNameFromDS": "es-jvm_jvm_gc_collectors_old_collection_count {host: es-data-paid1-es7-21-1b}"
          },
          "labels": {
            "host": "es-data-paid1-es7-21-1b"
          }
        }
      ]
    },
    "data": {
      "values": [
        [
          1719926450000,
          1719926510000,
          1719926570000,
          1719926630000,
          1719926690000,
          1719926750000,
          1719926810000,
          1719926870000,
          1719926930000,
          1719926990000,
          1719927050000,
          1719927110000,
          1719927170000,
          1719927230000,
          1719927290000,
          1719927350000,
          1719927410000,
          1719927470000,
          1719927530000,
          1719927590000,
          1719927650000,
          1719927710000,
          1719927770000,
          1719927830000,
          1719927890000,
          1719927950000,
          1719928010000,
          1719928070000,
          1719928130000,
          1719928190000,
          1719928250000,
          1719928310000,
          1719928370000,
          1719928430000,
          1719928490000,
          1719928550000,
          1719928610000,
          1719928670000,
          1719928730000,
          1719928790000
        ],
        [
          0,
          0,
          0,
          0,
          0,
          0,
          0,
          0,
          0,
          0,
          0,
          0,
          0,
          0,
          0,
          0,
          0,
          0,
          0,
          0,
          0,
          0,
          0,
          0,
          0,
          0,
          0,
          0,
          0,
          0,
          0,
          0,
          0,
          0,
          0,
          0,
          0,
          0,
          0,
          0
        ]
      ]
    }
  },
  {
    "schema": {
      "refId": "A",
      "name": "es-jvm_jvm_gc_collectors_old_collection_count {host: es-data-paid1-es7-22-1e}",
      "fields": [
        {
          "name": "Time",
          "type": "time",
          "config": {}
        },
        {
          "name": "Value",
          "type": "number",
          "config": {
            "displayNameFromDS": "es-jvm_jvm_gc_collectors_old_collection_count {host: es-data-paid1-es7-22-1e}"
          },
          "labels": {
            "host": "es-data-paid1-es7-22-1e"
          }
        }
      ]
    },
    "data": {
      "values": [
        [
          1719926450000,
          1719926510000,
          1719926570000,
          1719926630000,
          1719926690000,
          1719926750000,
          1719926810000,
          1719926870000,
          1719926930000,
          1719926990000,
          1719927050000,
          1719927110000,
          1719927170000,
          1719927230000,
          1719927290000,
          1719927350000,
          1719927410000,
          1719927470000,
          1719927530000,
          1719927590000,
          1719927650000,
          1719927710000,
          1719927770000,
          1719927830000,
          1719927890000,
          1719927950000,
          1719928010000,
          1719928070000,
          1719928130000,
          1719928190000,
          1719928250000,
          1719928310000,
          1719928370000,
          1719928430000,
          1719928490000,
          1719928550000,
          1719928610000,
          1719928670000,
          1719928730000,
          1719928790000
        ],
        [
          0,
          0,
          0,
          0,
          0,
          0,
          0,
          0,
          0,
          0,
          0,
          0,
          0,
          0,
          0,
          0,
          0,
          0,
          0,
          0,
          0,
          0,
          0,
          0,
          0,
          0,
          0,
          0,
          0,
          0,
          0,
          0,
          0,
          0,
          0,
          0,
          0,
          0,
          0,
          0
        ]
      ]
    }
  },
  {
    "schema": {
      "refId": "A",
      "name": "es-jvm_jvm_gc_collectors_old_collection_count {host: es-data-paid1-es7-23-1b}",
      "fields": [
        {
          "name": "Time",
          "type": "time",
          "config": {}
        },
        {
          "name": "Value",
          "type": "number",
          "config": {
            "displayNameFromDS": "es-jvm_jvm_gc_collectors_old_collection_count {host: es-data-paid1-es7-23-1b}"
          },
          "labels": {
            "host": "es-data-paid1-es7-23-1b"
          }
        }
      ]
    },
    "data": {
      "values": [
        [
          1719926450000,
          1719926510000,
          1719926570000,
          1719926630000,
          1719926690000,
          1719926750000,
          1719926810000,
          1719926870000,
          1719926930000,
          1719926990000,
          1719927050000,
          1719927110000,
          1719927170000,
          1719927230000,
          1719927290000,
          1719927350000,
          1719927410000,
          1719927470000,
          1719927530000,
          1719927590000,
          1719927650000,
          1719927710000,
          1719927770000,
          1719927830000,
          1719927890000,
          1719927950000,
          1719928010000,
          1719928070000,
          1719928130000,
          1719928190000,
          1719928250000,
          1719928310000,
          1719928370000,
          1719928430000,
          1719928490000,
          1719928550000,
          1719928610000,
          1719928670000,
          1719928730000,
          1719928790000
        ],
        [
          0,
          0,
          0,
          0,
          0,
          0,
          0,
          0,
          0,
          0,
          0,
          0,
          0,
          0,
          0,
          0,
          0,
          0,
          0,
          0,
          0,
          0,
          0,
          0,
          0,
          0,
          0,
          0,
          0,
          0,
          0,
          0,
          0,
          0,
          0,
          0,
          0,
          0,
          0,
          0
        ]
      ]
    }
  },
  {
    "schema": {
      "refId": "A",
      "name": "es-jvm_jvm_gc_collectors_old_collection_count {host: es-data-paid1-es7-24-1e}",
      "fields": [
        {
          "name": "Time",
          "type": "time",
          "config": {}
        },
        {
          "name": "Value",
          "type": "number",
          "config": {
            "displayNameFromDS": "es-jvm_jvm_gc_collectors_old_collection_count {host: es-data-paid1-es7-24-1e}"
          },
          "labels": {
            "host": "es-data-paid1-es7-24-1e"
          }
        }
      ]
    },
    "data": {
      "values": [
        [
          1719926450000,
          1719926510000,
          1719926570000,
          1719926630000,
          1719926690000,
          1719926750000,
          1719926810000,
          1719926870000,
          1719926930000,
          1719926990000,
          1719927050000,
          1719927110000,
          1719927170000,
          1719927230000,
          1719927290000,
          1719927350000,
          1719927890000,
          1719927950000,
          1719928010000,
          1719928070000,
          1719928130000,
          1719928190000,
          1719928250000,
          1719928310000,
          1719928370000,
          1719928430000,
          1719928490000,
          1719928550000,
          1719928610000,
          1719928670000,
          1719928730000,
          1719928790000
        ],
        [
          0,
          0,
          0,
          0,
          0,
          0,
          0,
          0,
          0,
          0,
          0,
          0,
          0,
          0,
          0,
          0,
          -3,
          0,
          0,
          0,
          0,
          0,
          0,
          0,
          0,
          0,
          0,
          0,
          0,
          0,
          0,
          0
        ]
      ]
    }
  },
  {
    "schema": {
      "refId": "A",
      "name": "es-jvm_jvm_gc_collectors_old_collection_count {host: es-data-paid1-es7-27-1b}",
      "fields": [
        {
          "name": "Time",
          "type": "time",
          "config": {}
        },
        {
          "name": "Value",
          "type": "number",
          "config": {
            "displayNameFromDS": "es-jvm_jvm_gc_collectors_old_collection_count {host: es-data-paid1-es7-27-1b}"
          },
          "labels": {
            "host": "es-data-paid1-es7-27-1b"
          }
        }
      ]
    },
    "data": {
      "values": [
        [
          1719926450000,
          1719926510000,
          1719926570000,
          1719926630000,
          1719926690000,
          1719926750000,
          1719926810000,
          1719926870000,
          1719926930000,
          1719926990000,
          1719927050000,
          1719927110000,
          1719927170000,
          1719927230000,
          1719927290000,
          1719927350000,
          1719927410000,
          1719927470000,
          1719927530000,
          1719928250000,
          1719928310000,
          1719928370000,
          1719928430000,
          1719928490000,
          1719928550000,
          1719928610000,
          1719928670000,
          1719928730000,
          1719928790000
        ],
        [
          0,
          0,
          0,
          0,
          0,
          0,
          0,
          0,
          0,
          0,
          0,
          0,
          0,
          0,
          0,
          0,
          1,
          1,
          3,
          -7,
          0,
          0,
          0,
          0,
          0,
          0,
          0,
          0,
          0
        ]
      ]
    }
  },
  {
    "schema": {
      "refId": "A",
      "name": "es-jvm_jvm_gc_collectors_old_collection_count {host: es-data-paid1-es7-28-1e}",
      "fields": [
        {
          "name": "Time",
          "type": "time",
          "config": {}
        },
        {
          "name": "Value",
          "type": "number",
          "config": {
            "displayNameFromDS": "es-jvm_jvm_gc_collectors_old_collection_count {host: es-data-paid1-es7-28-1e}"
          },
          "labels": {
            "host": "es-data-paid1-es7-28-1e"
          }
        }
      ]
    },
    "data": {
      "values": [
        [
          1719926450000,
          1719926510000,
          1719926570000,
          1719926630000,
          1719926690000,
          1719926750000,
          1719926810000,
          1719926870000,
          1719926930000,
          1719926990000,
          1719927050000,
          1719927110000,
          1719927170000,
          1719927230000,
          1719927290000,
          1719927350000,
          1719927410000,
          1719927470000,
          1719927530000,
          1719927590000,
          1719927650000,
          1719927710000,
          1719927770000,
          1719927830000,
          1719927890000,
          1719927950000,
          1719928010000,
          1719928070000,
          1719928130000,
          1719928190000,
          1719928250000,
          1719928310000,
          1719928370000,
          1719928430000,
          1719928490000,
          1719928550000,
          1719928610000,
          1719928670000,
          1719928730000,
          1719928790000
        ],
        [
          0,
          0,
          0,
          0,
          0,
          0,
          0,
          0,
          0,
          0,
          0,
          0,
          0,
          0,
          0,
          0,
          0,
          0,
          0,
          0,
          0,
          0,
          0,
          0,
          1,
          0,
          1,
          0,
          0,
          0,
          0,
          0,
          0,
          0,
          0,
          0,
          0,
          0,
          0,
          0
        ]
      ]
    }
  },
  {
    "schema": {
      "refId": "A",
      "name": "es-jvm_jvm_gc_collectors_old_collection_count {host: es-data-paid1-es7-29-1b}",
      "fields": [
        {
          "name": "Time",
          "type": "time",
          "config": {}
        },
        {
          "name": "Value",
          "type": "number",
          "config": {
            "displayNameFromDS": "es-jvm_jvm_gc_collectors_old_collection_count {host: es-data-paid1-es7-29-1b}"
          },
          "labels": {
            "host": "es-data-paid1-es7-29-1b"
          }
        }
      ]
    },
    "data": {
      "values": [
        [
          1719926450000,
          1719926510000,
          1719926570000,
          1719926630000,
          1719926690000,
          1719926750000,
          1719926810000,
          1719926870000,
          1719926930000,
          1719926990000,
          1719927050000,
          1719927110000,
          1719927170000,
          1719927230000,
          1719927290000,
          1719927350000,
          1719927410000,
          1719927470000,
          1719927530000,
          1719927590000,
          1719927650000,
          1719927710000,
          1719927770000,
          1719927830000,
          1719927890000,
          1719927950000,
          1719928010000,
          1719928070000,
          1719928130000,
          1719928190000,
          1719928250000,
          1719928310000,
          1719928370000,
          1719928430000,
          1719928490000,
          1719928550000,
          1719928610000,
          1719928670000,
          1719928730000,
          1719928790000
        ],
        [
          0,
          0,
          0,
          0,
          0,
          0,
          0,
          0,
          0,
          0,
          0,
          0,
          0,
          0,
          0,
          0,
          0,
          0,
          0,
          0,
          0,
          0,
          0,
          0,
          0,
          0,
          0,
          0,
          0,
          0,
          0,
          0,
          0,
          0,
          0,
          0,
          0,
          0,
          0,
          0
        ]
      ]
    }
  },
  {
    "schema": {
      "refId": "A",
      "name": "es-jvm_jvm_gc_collectors_old_collection_count {host: es-data-paid1-es7-30-1e}",
      "fields": [
        {
          "name": "Time",
          "type": "time",
          "config": {}
        },
        {
          "name": "Value",
          "type": "number",
          "config": {
            "displayNameFromDS": "es-jvm_jvm_gc_collectors_old_collection_count {host: es-data-paid1-es7-30-1e}"
          },
          "labels": {
            "host": "es-data-paid1-es7-30-1e"
          }
        }
      ]
    },
    "data": {
      "values": [
        [
          1719926450000,
          1719926510000,
          1719926570000,
          1719926630000,
          1719926690000,
          1719926750000,
          1719926810000,
          1719926870000,
          1719926930000,
          1719926990000,
          1719927050000,
          1719927110000,
          1719927170000,
          1719927230000,
          1719927290000,
          1719927350000,
          1719927410000,
          1719927470000,
          1719927530000,
          1719927590000,
          1719927650000,
          1719927710000,
          1719927770000,
          1719927830000,
          1719927890000,
          1719927950000,
          1719928010000,
          1719928070000,
          1719928130000,
          1719928190000,
          1719928250000,
          1719928310000,
          1719928370000,
          1719928430000,
          1719928490000,
          1719928550000,
          1719928610000,
          1719928670000,
          1719928730000,
          1719928790000
        ],
        [
          0,
          0,
          0,
          0,
          0,
          0,
          0,
          0,
          0,
          0,
          0,
          0,
          0,
          0,
          0,
          0,
          0,
          0,
          0,
          0,
          0,
          0,
          0,
          0,
          0,
          0,
          0,
          0,
          0,
          0,
          0,
          0,
          0,
          0,
          0,
          0,
          0,
          0,
          0,
          0
        ]
      ]
    }
  },
  {
    "schema": {
      "refId": "A",
      "name": "es-jvm_jvm_gc_collectors_old_collection_count {host: es-master-paid1-es7-1-1b}",
      "fields": [
        {
          "name": "Time",
          "type": "time",
          "config": {}
        },
        {
          "name": "Value",
          "type": "number",
          "config": {
            "displayNameFromDS": "es-jvm_jvm_gc_collectors_old_collection_count {host: es-master-paid1-es7-1-1b}"
          },
          "labels": {
            "host": "es-master-paid1-es7-1-1b"
          }
        }
      ]
    },
    "data": {
      "values": [
        [
          1719926450000,
          1719926510000,
          1719926570000,
          1719926630000,
          1719926690000,
          1719926750000,
          1719926810000,
          1719926870000,
          1719926930000,
          1719926990000,
          1719927050000,
          1719927110000,
          1719927170000,
          1719927230000,
          1719927290000,
          1719927350000,
          1719927410000,
          1719927470000,
          1719927530000,
          1719927590000,
          1719927650000,
          1719927710000,
          1719927770000,
          1719927830000,
          1719927890000,
          1719927950000,
          1719928010000,
          1719928070000,
          1719928130000,
          1719928190000,
          1719928250000,
          1719928310000,
          1719928370000,
          1719928430000,
          1719928490000,
          1719928550000,
          1719928610000,
          1719928670000,
          1719928730000,
          1719928790000
        ],
        [
          0,
          0,
          0,
          0,
          0,
          0,
          0,
          0,
          0,
          0,
          0,
          0,
          0,
          0,
          0,
          0,
          0,
          0,
          0,
          0,
          0,
          0,
          0,
          0,
          0,
          0,
          0,
          0,
          0,
          0,
          0,
          0,
          0,
          0,
          0,
          0,
          0,
          0,
          0,
          0
        ]
      ]
    }
  },
  {
    "schema": {
      "refId": "A",
      "name": "es-jvm_jvm_gc_collectors_old_collection_count {host: es-master-paid1-es7-2-1c}",
      "fields": [
        {
          "name": "Time",
          "type": "time",
          "config": {}
        },
        {
          "name": "Value",
          "type": "number",
          "config": {
            "displayNameFromDS": "es-jvm_jvm_gc_collectors_old_collection_count {host: es-master-paid1-es7-2-1c}"
          },
          "labels": {
            "host": "es-master-paid1-es7-2-1c"
          }
        }
      ]
    },
    "data": {
      "values": [
        [
          1719926450000,
          1719926510000,
          1719926570000,
          1719926630000,
          1719926690000,
          1719926750000,
          1719926810000,
          1719926870000,
          1719926930000,
          1719926990000,
          1719927050000,
          1719927110000,
          1719927170000,
          1719927230000,
          1719927290000,
          1719927350000,
          1719927410000,
          1719927470000,
          1719927530000,
          1719927590000,
          1719927650000,
          1719927710000,
          1719927770000,
          1719927830000,
          1719927890000,
          1719927950000,
          1719928010000,
          1719928070000,
          1719928130000,
          1719928190000,
          1719928250000,
          1719928310000,
          1719928370000,
          1719928430000,
          1719928490000,
          1719928550000,
          1719928610000,
          1719928670000,
          1719928730000,
          1719928790000
        ],
        [
          0,
          0,
          0,
          0,
          0,
          0,
          0,
          0,
          0,
          0,
          0,
          0,
          0,
          0,
          0,
          0,
          0,
          0,
          0,
          0,
          0,
          0,
          0,
          0,
          0,
          0,
          0,
          0,
          0,
          0,
          0,
          0,
          0,
          0,
          0,
          0,
          0,
          0,
          0,
          0
        ]
      ]
    }
  },
  {
    "schema": {
      "refId": "A",
      "name": "es-jvm_jvm_gc_collectors_old_collection_count {host: es-master-paid1-es7-3-1a}",
      "fields": [
        {
          "name": "Time",
          "type": "time",
          "config": {}
        },
        {
          "name": "Value",
          "type": "number",
          "config": {
            "displayNameFromDS": "es-jvm_jvm_gc_collectors_old_collection_count {host: es-master-paid1-es7-3-1a}"
          },
          "labels": {
            "host": "es-master-paid1-es7-3-1a"
          }
        }
      ]
    },
    "data": {
      "values": [
        [
          1719926450000,
          1719926510000,
          1719926570000,
          1719926630000,
          1719926690000,
          1719926750000,
          1719926810000,
          1719926870000,
          1719926930000,
          1719926990000,
          1719927050000,
          1719927110000,
          1719927170000,
          1719927230000,
          1719927290000,
          1719927350000,
          1719927410000,
          1719927470000,
          1719927530000,
          1719927590000,
          1719927650000,
          1719927710000,
          1719927770000,
          1719927830000,
          1719927890000,
          1719927950000,
          1719928010000,
          1719928070000,
          1719928130000,
          1719928190000,
          1719928250000,
          1719928310000,
          1719928370000,
          1719928430000,
          1719928490000,
          1719928550000,
          1719928610000,
          1719928670000,
          1719928730000,
          1719928790000
        ],
        [
          0,
          0,
          0,
          0,
          0,
          0,
          0,
          0,
          0,
          0,
          0,
          0,
          0,
          0,
          0,
          0,
          0,
          0,
          0,
          0,
          0,
          0,
          0,
          0,
          0,
          0,
          0,
          0,
          0,
          0,
          0,
          0,
          0,
          0,
          0,
          0,
          0,
          0,
          0,
          0
        ]
      ]
    }
  }
]