[
  {
    "schema": {
      "refId": "A",
      "meta": {
        "executedQueryString": "SELECT \"value\" FROM \"default\".\"es-index_indices_index_refresh_time\" WHERE (\"host\" =~ /^(es-data-paid1-es7-21-1b|es-data-paid1-es7-22-1e|es-data-paid1-es7-23-1b|es-data-paid1-es7-24-1e|es-data-paid1-es7-27-1b|es-data-paid1-es7-28-1e|es-data-paid1-es7-29-1b|es-data-paid1-es7-30-1e|es-master-paid1-es7-1-1b|es-master-paid1-es7-2-1c|es-master-paid1-es7-3-1a)$/) AND time >= 1719337598906ms and time <= 1719339755045ms GROUP BY \"host\""
      },
      "name": "es-index_indices_index_refresh_time {host: es-data-paid1-es7-21-1b}",
      "fields": [
        {
          "name": "Time",
          "type": "time",
          "config": {}
        },
        {
          "name": "Value",
          "type": "number",
          "config": {
            "displayNameFromDS": "es-index_indices_index_refresh_time {host: es-data-paid1-es7-21-1b}"
          },
          "labels": {
            "host": "es-data-paid1-es7-21-1b"
          }
        }
      ]
    },
    "data": {
      "values": [
        [
          1719337613000,
          1719337673000,
          1719337733000,
          1719337793000,
          1719337853000,
          1719337913000,
          1719337973000,
          1719338033000,
          1719338093000,
          1719338153000,
          1719338213000,
          1719338273000,
          1719338333000,
          1719338393000,
          1719338453000,
          1719338513000,
          1719338573000,
          1719338633000,
          1719338693000,
          1719338753000,
          1719338813000,
          1719338873000,
          1719338933000,
          1719338993000,
          1719339053000,
          1719339113000,
          1719339173000,
          1719339233000,
          1719339293000,
          1719339353000,
          1719339413000,
          1719339473000,
          1719339533000,
          1719339593000,
          1719339653000,
          1719339713000
        ],
        [
          74725,
          72944,
          68919,
          68134,
          75832,
          70077,
          64009,
          71636,
          69946,
          66145,
          70054,
          74324,
          71969,
          66212,
          69914,
          64201,
          75135,
          61596,
          55080,
          59602,
          57565,
          65452,
          69314,
          77125,
          78056,
          81723,
          69797,
          70721,
          76694,
          69727,
          70785,
          72368,
          72595,
          65663,
          68026,
          65424
        ]
      ]
    }
  },
  {
    "schema": {
      "refId": "A",
      "name": "es-index_indices_index_refresh_time {host: es-data-paid1-es7-22-1e}",
      "fields": [
        {
          "name": "Time",
          "type": "time",
          "config": {}
        },
        {
          "name": "Value",
          "type": "number",
          "config": {
            "displayNameFromDS": "es-index_indices_index_refresh_time {host: es-data-paid1-es7-22-1e}"
          },
          "labels": {
            "host": "es-data-paid1-es7-22-1e"
          }
        }
      ]
    },
    "data": {
      "values": [
        [
          1719337613000,
          1719337673000,
          1719337733000,
          1719337793000,
          1719337853000,
          1719337913000,
          1719337973000,
          1719338033000,
          1719338093000,
          1719338153000,
          1719338213000,
          1719338273000,
          1719338333000,
          1719338393000,
          1719338453000,
          1719338513000,
          1719338573000,
          1719338633000,
          1719338693000,
          1719338753000,
          1719338813000,
          1719338873000,
          1719338933000,
          1719338993000,
          1719339053000,
          1719339113000,
          1719339173000,
          1719339233000,
          1719339293000,
          1719339353000,
          1719339413000,
          1719339473000,
          1719339533000,
          1719339593000,
          1719339653000,
          1719339713000
        ],
        [
          4738,
          7322,
          5523,
          6033,
          6061,
          7591,
          7216,
          5781,
          8957,
          5536,
          9185,
          5024,
          10094,
          6826,
          8832,
          4904,
          5529,
          10394,
          6837,
          5484,
          5810,
          5038,
          4157,
          6947,
          4358,
          7106,
          6760,
          7833,
          5641,
          6969,
          4852,
          5132,
          7426,
          5393,
          6125,
          5912
        ]
      ]
    }
  },
  {
    "schema": {
      "refId": "A",
      "name": "es-index_indices_index_refresh_time {host: es-data-paid1-es7-23-1b}",
      "fields": [
        {
          "name": "Time",
          "type": "time",
          "config": {}
        },
        {
          "name": "Value",
          "type": "number",
          "config": {
            "displayNameFromDS": "es-index_indices_index_refresh_time {host: es-data-paid1-es7-23-1b}"
          },
          "labels": {
            "host": "es-data-paid1-es7-23-1b"
          }
        }
      ]
    },
    "data": {
      "values": [
        [
          1719337613000,
          1719337673000,
          1719337733000,
          1719337793000,
          1719337853000,
          1719337913000,
          1719337973000,
          1719338033000,
          1719338093000,
          1719338153000,
          1719338213000,
          1719338273000,
          1719338333000,
          1719338393000,
          1719338453000,
          1719338513000,
          1719338573000,
          1719338633000,
          1719338693000,
          1719338753000,
          1719338813000,
          1719338873000
        ],
        [
          63779,
          65552,
          64519,
          65495,
          67568,
          65091,
          64690,
          64805,
          65063,
          68401,
          68661,
          64530,
          64195,
          67440,
          64414,
          63684,
          68272,
          66365,
          64404,
          70590,
          57462,
          102293
        ]
      ]
    }
  },
  {
    "schema": {
      "refId": "A",
      "name": "es-index_indices_index_refresh_time {host: es-data-paid1-es7-24-1e}",
      "fields": [
        {
          "name": "Time",
          "type": "time",
          "config": {}
        },
        {
          "name": "Value",
          "type": "number",
          "config": {
            "displayNameFromDS": "es-index_indices_index_refresh_time {host: es-data-paid1-es7-24-1e}"
          },
          "labels": {
            "host": "es-data-paid1-es7-24-1e"
          }
        }
      ]
    },
    "data": {
      "values": [
        [
          1719337613000,
          1719337673000,
          1719337733000,
          1719337793000,
          1719337853000,
          1719337913000,
          1719337973000,
          1719338033000,
          1719338093000,
          1719338153000,
          1719338213000,
          1719338273000,
          1719338333000,
          1719338393000,
          1719338453000,
          1719338513000,
          1719338573000,
          1719338633000,
          1719338693000,
          1719338753000,
          1719338813000,
          1719338873000,
          1719338933000,
          1719338993000,
          1719339053000,
          1719339113000,
          1719339173000,
          1719339233000,
          1719339293000,
          1719339353000,
          1719339413000,
          1719339473000,
          1719339533000,
          1719339593000,
          1719339653000,
          1719339713000
        ],
        [
          66204,
          67020,
          65727,
          69034,
          62914,
          67424,
          68244,
          67956,
          63869,
          66081,
          65484,
          64990,
          71368,
          66772,
          69033,
          70193,
          71167,
          67780,
          67309,
          63898,
          68788,
          67144,
          66110,
          67199,
          64046,
          65222,
          63878,
          63460,
          67202,
          66590,
          69250,
          70138,
          69275,
          70035,
          66596,
          64995
        ]
      ]
    }
  },
  {
    "schema": {
      "refId": "A",
      "name": "es-index_indices_index_refresh_time {host: es-data-paid1-es7-27-1b}",
      "fields": [
        {
          "name": "Time",
          "type": "time",
          "config": {}
        },
        {
          "name": "Value",
          "type": "number",
          "config": {
            "displayNameFromDS": "es-index_indices_index_refresh_time {host: es-data-paid1-es7-27-1b}"
          },
          "labels": {
            "host": "es-data-paid1-es7-27-1b"
          }
        }
      ]
    },
    "data": {
      "values": [
        [
          1719337613000,
          1719337673000,
          1719337733000,
          1719337793000,
          1719337853000,
          1719337913000,
          1719337973000,
          1719338033000,
          1719338093000,
          1719338153000,
          1719338213000,
          1719338273000,
          1719338333000,
          1719338393000,
          1719338453000,
          1719338513000,
          1719338573000,
          1719338633000,
          1719338693000,
          1719338753000,
          1719338813000,
          1719338873000,
          1719338933000,
          1719338993000,
          1719339053000,
          1719339113000,
          1719339173000,
          1719339233000,
          1719339293000,
          1719339353000,
          1719339413000,
          1719339473000,
          1719339533000,
          1719339593000,
          1719339653000,
          1719339713000
        ],
        [
          60414,
          66718,
          63797,
          67420,
          59167,
          62662,
          65599,
          65302,
          63633,
          66494,
          62746,
          56874,
          49427,
          45322,
          61503,
          65520,
          65965,
          68461,
          62012,
          66432,
          60657,
          63495,
          61319,
          64427,
          64658,
          63251,
          65496,
          64518,
          68645,
          69506,
          61972,
          63880,
          60735,
          56846,
          61944,
          64386
        ]
      ]
    }
  },
  {
    "schema": {
      "refId": "A",
      "name": "es-index_indices_index_refresh_time {host: es-data-paid1-es7-28-1e}",
      "fields": [
        {
          "name": "Time",
          "type": "time",
          "config": {}
        },
        {
          "name": "Value",
          "type": "number",
          "config": {
            "displayNameFromDS": "es-index_indices_index_refresh_time {host: es-data-paid1-es7-28-1e}"
          },
          "labels": {
            "host": "es-data-paid1-es7-28-1e"
          }
        }
      ]
    },
    "data": {
      "values": [
        [
          1719337613000,
          1719337673000,
          1719337733000,
          1719337793000,
          1719337853000,
          1719337913000,
          1719337973000,
          1719338033000,
          1719338093000,
          1719338153000,
          1719338213000,
          1719338273000,
          1719338333000,
          1719338393000,
          1719338453000,
          1719338513000,
          1719338573000,
          1719338633000,
          1719338693000,
          1719338753000,
          1719338813000,
          1719338873000,
          1719338933000,
          1719338993000,
          1719339053000,
          1719339113000,
          1719339173000,
          1719339233000,
          1719339293000,
          1719339353000,
          1719339413000,
          1719339473000,
          1719339533000,
          1719339593000,
          1719339653000,
          1719339713000
        ],
        [
          66103,
          70690,
          65246,
          68278,
          70244,
          66197,
          64877,
          67929,
          65901,
          66466,
          71036,
          67596,
          65805,
          72233,
          65934,
          63768,
          91053,
          84902,
          66500,
          78861,
          69754,
          64828,
          70704,
          63861,
          67360,
          64891,
          68120,
          62903,
          69549,
          64968,
          68888,
          70622,
          67602,
          67553,
          72086,
          66091
        ]
      ]
    }
  },
  {
    "schema": {
      "refId": "A",
      "name": "es-index_indices_index_refresh_time {host: es-data-paid1-es7-29-1b}",
      "fields": [
        {
          "name": "Time",
          "type": "time",
          "config": {}
        },
        {
          "name": "Value",
          "type": "number",
          "config": {
            "displayNameFromDS": "es-index_indices_index_refresh_time {host: es-data-paid1-es7-29-1b}"
          },
          "labels": {
            "host": "es-data-paid1-es7-29-1b"
          }
        }
      ]
    },
    "data": {
      "values": [
        [
          1719337613000,
          1719337673000,
          1719337733000,
          1719337793000,
          1719337853000,
          1719337913000,
          1719337973000,
          1719338033000,
          1719338093000,
          1719338153000,
          1719338213000,
          1719338273000,
          1719338333000,
          1719338393000,
          1719338453000,
          1719338513000,
          1719338573000,
          1719338633000,
          1719338693000,
          1719338753000,
          1719338813000,
          1719338873000,
          1719338933000,
          1719338993000,
          1719339053000,
          1719339113000,
          1719339173000,
          1719339233000,
          1719339293000,
          1719339353000,
          1719339413000,
          1719339473000,
          1719339533000,
          1719339593000,
          1719339653000,
          1719339713000
        ],
        [
          4376,
          6481,
          4742,
          5901,
          5598,
          6042,
          6993,
          5454,
          5924,
          4625,
          7143,
          4220,
          5566,
          6849,
          5719,
          5183,
          4383,
          5698,
          8937,
          25970,
          4304,
          5980,
          5708,
          7920,
          3718,
          4659,
          4365,
          4978,
          4572,
          4929,
          4772,
          5638,
          4940,
          7874,
          7889,
          6217
        ]
      ]
    }
  },
  {
    "schema": {
      "refId": "A",
      "name": "es-index_indices_index_refresh_time {host: es-data-paid1-es7-30-1e}",
      "fields": [
        {
          "name": "Time",
          "type": "time",
          "config": {}
        },
        {
          "name": "Value",
          "type": "number",
          "config": {
            "displayNameFromDS": "es-index_indices_index_refresh_time {host: es-data-paid1-es7-30-1e}"
          },
          "labels": {
            "host": "es-data-paid1-es7-30-1e"
          }
        }
      ]
    },
    "data": {
      "values": [
        [
          1719337613000,
          1719337673000,
          1719337733000,
          1719337793000,
          1719337853000,
          1719337913000,
          1719337973000,
          1719338033000,
          1719338093000,
          1719338153000,
          1719338213000,
          1719338273000,
          1719338333000,
          1719338393000,
          1719338453000,
          1719338513000,
          1719338573000,
          1719338633000,
          1719338693000,
          1719338753000,
          1719338813000,
          1719338873000,
          1719338933000,
          1719338993000,
          1719339053000,
          1719339113000,
          1719339173000,
          1719339233000,
          1719339293000,
          1719339353000,
          1719339413000,
          1719339473000,
          1719339533000,
          1719339593000,
          1719339653000,
          1719339713000
        ],
        [
          67027,
          65522,
          69410,
          64394,
          67669,
          66613,
          68081,
          66829,
          68888,
          68244,
          66967,
          68519,
          66877,
          67052,
          69256,
          70265,
          73083,
          79834,
          47613,
          41923,
          12056,
          7116,
          7944,
          12328,
          9123,
          8454,
          62887,
          62542,
          63271,
          62226,
          66462,
          65620,
          68101,
          66621,
          69949,
          67270
        ]
      ]
    }
  },
  {
    "schema": {
      "refId": "A",
      "name": "es-index_indices_index_refresh_time {host: es-master-paid1-es7-1-1b}",
      "fields": [
        {
          "name": "Time",
          "type": "time",
          "config": {}
        },
        {
          "name": "Value",
          "type": "number",
          "config": {
            "displayNameFromDS": "es-index_indices_index_refresh_time {host: es-master-paid1-es7-1-1b}"
          },
          "labels": {
            "host": "es-master-paid1-es7-1-1b"
          }
        }
      ]
    },
    "data": {
      "values": [
        [
          1719337613000,
          1719337673000,
          1719337733000,
          1719337793000,
          1719337853000,
          1719337913000,
          1719337973000,
          1719338033000,
          1719338093000,
          1719338153000,
          1719338213000,
          1719338273000,
          1719338333000,
          1719338393000,
          1719338453000,
          1719338513000,
          1719338573000,
          1719338633000,
          1719338693000,
          1719338753000,
          1719338813000,
          1719338873000,
          1719338933000,
          1719338993000,
          1719339053000,
          1719339113000,
          1719339173000,
          1719339233000,
          1719339293000,
          1719339353000,
          1719339413000,
          1719339473000,
          1719339533000,
          1719339593000,
          1719339653000,
          1719339713000
        ],
        [
          0,
          0,
          0,
          0,
          0,
          0,
          0,
          0,
          0,
          0,
          0,
          0,
          0,
          0,
          0,
          0,
          0,
          0,
          0,
          0,
          0,
          0,
          0,
          0,
          0,
          0,
          0,
          0,
          0,
          0,
          0,
          0,
          0,
          0,
          0,
          0
        ]
      ]
    }
  },
  {
    "schema": {
      "refId": "A",
      "name": "es-index_indices_index_refresh_time {host: es-master-paid1-es7-2-1c}",
      "fields": [
        {
          "name": "Time",
          "type": "time",
          "config": {}
        },
        {
          "name": "Value",
          "type": "number",
          "config": {
            "displayNameFromDS": "es-index_indices_index_refresh_time {host: es-master-paid1-es7-2-1c}"
          },
          "labels": {
            "host": "es-master-paid1-es7-2-1c"
          }
        }
      ]
    },
    "data": {
      "values": [
        [
          1719337613000,
          1719337673000,
          1719337733000,
          1719337793000,
          1719337853000,
          1719337913000,
          1719337973000,
          1719338033000,
          1719338093000,
          1719338153000,
          1719338213000,
          1719338273000,
          1719338333000,
          1719338393000,
          1719338453000,
          1719338513000,
          1719338573000,
          1719338633000,
          1719338693000,
          1719338753000,
          1719338813000,
          1719338873000,
          1719338933000,
          1719338993000,
          1719339053000,
          1719339113000,
          1719339173000,
          1719339233000,
          1719339293000,
          1719339353000,
          1719339413000,
          1719339473000,
          1719339533000,
          1719339593000,
          1719339653000,
          1719339713000
        ],
        [
          0,
          0,
          0,
          0,
          0,
          0,
          0,
          0,
          0,
          0,
          0,
          0,
          0,
          0,
          0,
          0,
          0,
          0,
          0,
          0,
          0,
          0,
          0,
          0,
          0,
          0,
          0,
          0,
          0,
          0,
          0,
          0,
          0,
          0,
          0,
          0
        ]
      ]
    }
  },
  {
    "schema": {
      "refId": "A",
      "name": "es-index_indices_index_refresh_time {host: es-master-paid1-es7-3-1a}",
      "fields": [
        {
          "name": "Time",
          "type": "time",
          "config": {}
        },
        {
          "name": "Value",
          "type": "number",
          "config": {
            "displayNameFromDS": "es-index_indices_index_refresh_time {host: es-master-paid1-es7-3-1a}"
          },
          "labels": {
            "host": "es-master-paid1-es7-3-1a"
          }
        }
      ]
    },
    "data": {
      "values": [
        [
          1719337613000,
          1719337673000,
          1719337733000,
          1719337793000,
          1719337853000,
          1719337913000,
          1719337973000,
          1719338033000,
          1719338093000,
          1719338153000,
          1719338213000,
          1719338273000,
          1719338333000,
          1719338393000,
          1719338453000,
          1719338513000,
          1719338573000,
          1719338633000,
          1719338693000,
          1719338753000,
          1719338813000,
          1719338873000,
          1719338933000,
          1719338993000,
          1719339053000,
          1719339113000,
          1719339173000,
          1719339233000,
          1719339293000,
          1719339353000,
          1719339413000,
          1719339473000,
          1719339533000,
          1719339593000,
          1719339653000,
          1719339713000
        ],
        [
          0,
          0,
          0,
          0,
          0,
          0,
          0,
          0,
          0,
          0,
          0,
          0,
          0,
          0,
          0,
          0,
          0,
          0,
          0,
          0,
          0,
          0,
          0,
          0,
          0,
          0,
          0,
          0,
          0,
          0,
          0,
          0,
          0,
          0,
          0,
          0
        ]
      ]
    }
  }
]