[
  {
    "schema": {
      "refId": "A",
      "meta": {
        "executedQueryString": "SELECT \"value\" FROM \"default\".\"es-cluster_health_relocating_shards\" WHERE (\"host\" =~ /^(es-data-paid1-es7-21-1b|es-data-paid1-es7-22-1e|es-data-paid1-es7-23-1b|es-data-paid1-es7-24-1e|es-data-paid1-es7-27-1b|es-data-paid1-es7-28-1e|es-data-paid1-es7-29-1b|es-data-paid1-es7-30-1e|es-master-paid1-es7-1-1b|es-master-paid1-es7-2-1c|es-master-paid1-es7-3-1a)$/) AND time >= 1719337598906ms and time <= 1719339755045ms GROUP BY \"host\""
      },
      "name": "es-cluster_health_relocating_shards {host: es-master-paid1-es7-1-1b}",
      "fields": [
        {
          "name": "Time",
          "type": "time",
          "config": {}
        },
        {
          "name": "Value",
          "type": "number",
          "config": {
            "displayNameFromDS": "es-cluster_health_relocating_shards {host: es-master-paid1-es7-1-1b}"
          },
          "labels": {
            "host": "es-master-paid1-es7-1-1b"
          }
        }
      ]
    },
    "data": {
      "values": [
        [
          1719337613000,
          1719337673000,
          1719337733000,
          1719337793000,
          1719337853000,
          1719337913000,
          1719337973000,
          1719338033000,
          1719338093000,
          1719338153000,
          1719338213000,
          1719338273000,
          1719338333000,
          1719338393000,
          1719338453000,
          1719338513000,
          1719338573000,
          1719338633000,
          1719338693000,
          1719338753000,
          1719338813000,
          1719338873000,
          1719338933000,
          1719338993000,
          1719339053000,
          1719339113000,
          1719339173000,
          1719339233000,
          1719339293000,
          1719339353000,
          1719339413000,
          1719339473000,
          1719339533000,
          1719339593000,
          1719339653000,
          1719339713000
        ],
        [
          0,
          0,
          0,
          0,
          0,
          0,
          0,
          0,
          0,
          0,
          0,
          0,
          0,
          0,
          0,
          0,
          0,
          0,
          0,
          0,
          0,
          0,
          0,
          0,
          0,
          0,
          0,
          0,
          0,
          0,
          0,
          0,
          0,
          0,
          0,
          0
        ]
      ]
    }
  }
]