[
  {
    "schema": {
      "refId": "C",
      "meta": {
        "executedQueryString": "SELECT difference(\"value\") FROM \"es-threadpool_thread_pool_write_rejected\" WHERE \"host\" =~ /^(es-data-paid1-es7-21-1b|es-data-paid1-es7-22-1e|es-data-paid1-es7-23-1b|es-data-paid1-es7-24-1e|es-data-paid1-es7-27-1b|es-data-paid1-es7-28-1e|es-data-paid1-es7-29-1b|es-data-paid1-es7-30-1e|es-master-paid1-es7-1-1b|es-master-paid1-es7-2-1c|es-master-paid1-es7-3-1a)$/ AND time >= 1719337598906ms and time <= 1719339755045ms GROUP BY \"host\""
      },
      "name": "es-threadpool_thread_pool_write_rejected.difference {host: es-data-paid1-es7-21-1b}",
      "fields": [
        {
          "name": "Time",
          "type": "time",
          "config": {}
        },
        {
          "name": "Value",
          "type": "number",
          "config": {
            "displayNameFromDS": "es-threadpool_thread_pool_write_rejected.difference {host: es-data-paid1-es7-21-1b}"
          },
          "labels": {
            "host": "es-data-paid1-es7-21-1b"
          }
        }
      ]
    },
    "data": {
      "values": [
        [
          1719337673000,
          1719337733000,
          1719337793000,
          1719337853000,
          1719337913000,
          1719337973000,
          1719338033000,
          1719338093000,
          1719338153000,
          1719338213000,
          1719338273000,
          1719338333000,
          1719338393000,
          1719338453000,
          1719338513000,
          1719338573000,
          1719338633000,
          1719338693000,
          1719338753000,
          1719338813000,
          1719338873000,
          1719338933000,
          1719338993000,
          1719339053000,
          1719339113000,
          1719339173000,
          1719339233000,
          1719339293000,
          1719339353000,
          1719339413000,
          1719339473000,
          1719339533000,
          1719339593000,
          1719339653000,
          1719339713000
        ],
        [
          0,
          0,
          0,
          0,
          0,
          0,
          0,
          0,
          0,
          0,
          0,
          0,
          0,
          0,
          0,
          0,
          0,
          0,
          0,
          0,
          0,
          0,
          0,
          0,
          0,
          0,
          0,
          0,
          0,
          0,
          0,
          0,
          0,
          0,
          0
        ]
      ]
    }
  },
  {
    "schema": {
      "refId": "C",
      "name": "es-threadpool_thread_pool_write_rejected.difference {host: es-data-paid1-es7-22-1e}",
      "fields": [
        {
          "name": "Time",
          "type": "time",
          "config": {}
        },
        {
          "name": "Value",
          "type": "number",
          "config": {
            "displayNameFromDS": "es-threadpool_thread_pool_write_rejected.difference {host: es-data-paid1-es7-22-1e}"
          },
          "labels": {
            "host": "es-data-paid1-es7-22-1e"
          }
        }
      ]
    },
    "data": {
      "values": [
        [
          1719337673000,
          1719337733000,
          1719337793000,
          1719337853000,
          1719337913000,
          1719337973000,
          1719338033000,
          1719338093000,
          1719338153000,
          1719338213000,
          1719338273000,
          1719338333000,
          1719338393000,
          1719338453000,
          1719338513000,
          1719338573000,
          1719338633000,
          1719338693000,
          1719338753000,
          1719338813000,
          1719338873000,
          1719338933000,
          1719338993000,
          1719339053000,
          1719339113000,
          1719339173000,
          1719339233000,
          1719339293000,
          1719339353000,
          1719339413000,
          1719339473000,
          1719339533000,
          1719339593000,
          1719339653000,
          1719339713000
        ],
        [
          0,
          0,
          0,
          0,
          0,
          0,
          0,
          0,
          0,
          0,
          0,
          0,
          0,
          0,
          0,
          0,
          0,
          0,
          0,
          0,
          0,
          0,
          0,
          0,
          0,
          0,
          0,
          0,
          0,
          0,
          0,
          0,
          0,
          0,
          0
        ]
      ]
    }
  },
  {
    "schema": {
      "refId": "C",
      "name": "es-threadpool_thread_pool_write_rejected.difference {host: es-data-paid1-es7-23-1b}",
      "fields": [
        {
          "name": "Time",
          "type": "time",
          "config": {}
        },
        {
          "name": "Value",
          "type": "number",
          "config": {
            "displayNameFromDS": "es-threadpool_thread_pool_write_rejected.difference {host: es-data-paid1-es7-23-1b}"
          },
          "labels": {
            "host": "es-data-paid1-es7-23-1b"
          }
        }
      ]
    },
    "data": {
      "values": [
        [
          1719337673000,
          1719337733000,
          1719337793000,
          1719337853000,
          1719337913000,
          1719337973000,
          1719338033000,
          1719338093000,
          1719338153000,
          1719338213000,
          1719338273000,
          1719338333000,
          1719338393000,
          1719338453000,
          1719338513000,
          1719338573000,
          1719338633000,
          1719338693000,
          1719338753000,
          1719338813000,
          1719338873000
        ],
        [
          17,
          43,
          112,
          22,
          157,
          273,
          174,
          174,
          44,
          0,
          0,
          0,
          137,
          227,
          419,
          441,
          599,
          488,
          517,
          706,
          1092
        ]
      ]
    }
  },
  {
    "schema": {
      "refId": "C",
      "name": "es-threadpool_thread_pool_write_rejected.difference {host: es-data-paid1-es7-24-1e}",
      "fields": [
        {
          "name": "Time",
          "type": "time",
          "config": {}
        },
        {
          "name": "Value",
          "type": "number",
          "config": {
            "displayNameFromDS": "es-threadpool_thread_pool_write_rejected.difference {host: es-data-paid1-es7-24-1e}"
          },
          "labels": {
            "host": "es-data-paid1-es7-24-1e"
          }
        }
      ]
    },
    "data": {
      "values": [
        [
          1719337673000,
          1719337733000,
          1719337793000,
          1719337853000,
          1719337913000,
          1719337973000,
          1719338033000,
          1719338093000,
          1719338153000,
          1719338213000,
          1719338273000,
          1719338333000,
          1719338393000,
          1719338453000,
          1719338513000,
          1719338573000,
          1719338633000,
          1719338693000,
          1719338753000,
          1719338813000,
          1719338873000,
          1719338933000,
          1719338993000,
          1719339053000,
          1719339113000,
          1719339173000,
          1719339233000,
          1719339293000,
          1719339353000,
          1719339413000,
          1719339473000,
          1719339533000,
          1719339593000,
          1719339653000,
          1719339713000
        ],
        [
          13,
          222,
          49,
          189,
          32,
          0,
          0,
          23,
          139,
          238,
          115,
          360,
          256,
          103,
          0,
          181,
          0,
          309,
          143,
          13,
          0,
          11,
          23,
          0,
          145,
          450,
          221,
          147,
          248,
          295,
          50,
          0,
          230,
          110,
          103
        ]
      ]
    }
  },
  {
    "schema": {
      "refId": "C",
      "name": "es-threadpool_thread_pool_write_rejected.difference {host: es-data-paid1-es7-27-1b}",
      "fields": [
        {
          "name": "Time",
          "type": "time",
          "config": {}
        },
        {
          "name": "Value",
          "type": "number",
          "config": {
            "displayNameFromDS": "es-threadpool_thread_pool_write_rejected.difference {host: es-data-paid1-es7-27-1b}"
          },
          "labels": {
            "host": "es-data-paid1-es7-27-1b"
          }
        }
      ]
    },
    "data": {
      "values": [
        [
          1719337673000,
          1719337733000,
          1719337793000,
          1719337853000,
          1719337913000,
          1719337973000,
          1719338033000,
          1719338093000,
          1719338153000,
          1719338213000,
          1719338273000,
          1719338333000,
          1719338393000,
          1719338453000,
          1719338513000,
          1719338573000,
          1719338633000,
          1719338693000,
          1719338753000,
          1719338813000,
          1719338873000,
          1719338933000,
          1719338993000,
          1719339053000,
          1719339113000,
          1719339173000,
          1719339233000,
          1719339293000,
          1719339353000,
          1719339413000,
          1719339473000,
          1719339533000,
          1719339593000,
          1719339653000,
          1719339713000
        ],
        [
          0,
          0,
          0,
          0,
          0,
          0,
          0,
          0,
          0,
          0,
          0,
          0,
          0,
          0,
          0,
          0,
          0,
          0,
          0,
          0,
          0,
          0,
          0,
          0,
          0,
          0,
          0,
          0,
          0,
          0,
          0,
          0,
          0,
          0,
          0
        ]
      ]
    }
  },
  {
    "schema": {
      "refId": "C",
      "name": "es-threadpool_thread_pool_write_rejected.difference {host: es-data-paid1-es7-28-1e}",
      "fields": [
        {
          "name": "Time",
          "type": "time",
          "config": {}
        },
        {
          "name": "Value",
          "type": "number",
          "config": {
            "displayNameFromDS": "es-threadpool_thread_pool_write_rejected.difference {host: es-data-paid1-es7-28-1e}"
          },
          "labels": {
            "host": "es-data-paid1-es7-28-1e"
          }
        }
      ]
    },
    "data": {
      "values": [
        [
          1719337673000,
          1719337733000,
          1719337793000,
          1719337853000,
          1719337913000,
          1719337973000,
          1719338033000,
          1719338093000,
          1719338153000,
          1719338213000,
          1719338273000,
          1719338333000,
          1719338393000,
          1719338453000,
          1719338513000,
          1719338573000,
          1719338633000,
          1719338693000,
          1719338753000,
          1719338813000,
          1719338873000,
          1719338933000,
          1719338993000,
          1719339053000,
          1719339113000,
          1719339173000,
          1719339233000,
          1719339293000,
          1719339353000,
          1719339413000,
          1719339473000,
          1719339533000,
          1719339593000,
          1719339653000,
          1719339713000
        ],
        [
          0,
          0,
          0,
          0,
          21,
          316,
          411,
          321,
          218,
          176,
          60,
          339,
          205,
          460,
          551,
          261,
          349,
          475,
          90,
          84,
          30,
          41,
          493,
          34,
          250,
          374,
          137,
          35,
          7,
          108,
          206,
          244,
          173,
          159,
          102
        ]
      ]
    }
  },
  {
    "schema": {
      "refId": "C",
      "name": "es-threadpool_thread_pool_write_rejected.difference {host: es-data-paid1-es7-29-1b}",
      "fields": [
        {
          "name": "Time",
          "type": "time",
          "config": {}
        },
        {
          "name": "Value",
          "type": "number",
          "config": {
            "displayNameFromDS": "es-threadpool_thread_pool_write_rejected.difference {host: es-data-paid1-es7-29-1b}"
          },
          "labels": {
            "host": "es-data-paid1-es7-29-1b"
          }
        }
      ]
    },
    "data": {
      "values": [
        [
          1719337673000,
          1719337733000,
          1719337793000,
          1719337853000,
          1719337913000,
          1719337973000,
          1719338033000,
          1719338093000,
          1719338153000,
          1719338213000,
          1719338273000,
          1719338333000,
          1719338393000,
          1719338453000,
          1719338513000,
          1719338573000,
          1719338633000,
          1719338693000,
          1719338753000,
          1719338813000,
          1719338873000,
          1719338933000,
          1719338993000,
          1719339053000,
          1719339113000,
          1719339173000,
          1719339233000,
          1719339293000,
          1719339353000,
          1719339413000,
          1719339473000,
          1719339533000,
          1719339593000,
          1719339653000,
          1719339713000
        ],
        [
          0,
          0,
          0,
          0,
          0,
          0,
          0,
          0,
          0,
          0,
          0,
          0,
          0,
          0,
          0,
          0,
          0,
          0,
          0,
          0,
          0,
          0,
          0,
          0,
          0,
          0,
          0,
          0,
          0,
          0,
          0,
          0,
          0,
          0,
          0
        ]
      ]
    }
  },
  {
    "schema": {
      "refId": "C",
      "name": "es-threadpool_thread_pool_write_rejected.difference {host: es-data-paid1-es7-30-1e}",
      "fields": [
        {
          "name": "Time",
          "type": "time",
          "config": {}
        },
        {
          "name": "Value",
          "type": "number",
          "config": {
            "displayNameFromDS": "es-threadpool_thread_pool_write_rejected.difference {host: es-data-paid1-es7-30-1e}"
          },
          "labels": {
            "host": "es-data-paid1-es7-30-1e"
          }
        }
      ]
    },
    "data": {
      "values": [
        [
          1719337673000,
          1719337733000,
          1719337793000,
          1719337853000,
          1719337913000,
          1719337973000,
          1719338033000,
          1719338093000,
          1719338153000,
          1719338213000,
          1719338273000,
          1719338333000,
          1719338393000,
          1719338453000,
          1719338513000,
          1719338573000,
          1719338633000,
          1719338693000,
          1719338753000,
          1719338813000,
          1719338873000,
          1719338933000,
          1719338993000,
          1719339053000,
          1719339113000,
          1719339173000,
          1719339233000,
          1719339293000,
          1719339353000,
          1719339413000,
          1719339473000,
          1719339533000,
          1719339593000,
          1719339653000,
          1719339713000
        ],
        [
          0,
          0,
          0,
          0,
          0,
          0,
          0,
          0,
          0,
          0,
          0,
          0,
          0,
          0,
          0,
          0,
          0,
          0,
          0,
          0,
          0,
          0,
          0,
          0,
          0,
          0,
          0,
          0,
          0,
          0,
          29,
          128,
          182,
          77,
          80
        ]
      ]
    }
  },
  {
    "schema": {
      "refId": "C",
      "name": "es-threadpool_thread_pool_write_rejected.difference {host: es-master-paid1-es7-1-1b}",
      "fields": [
        {
          "name": "Time",
          "type": "time",
          "config": {}
        },
        {
          "name": "Value",
          "type": "number",
          "config": {
            "displayNameFromDS": "es-threadpool_thread_pool_write_rejected.difference {host: es-master-paid1-es7-1-1b}"
          },
          "labels": {
            "host": "es-master-paid1-es7-1-1b"
          }
        }
      ]
    },
    "data": {
      "values": [
        [
          1719337673000,
          1719337733000,
          1719337793000,
          1719337853000,
          1719337913000,
          1719337973000,
          1719338033000,
          1719338093000,
          1719338153000,
          1719338213000,
          1719338273000,
          1719338333000,
          1719338393000,
          1719338453000,
          1719338513000,
          1719338573000,
          1719338633000,
          1719338693000,
          1719338753000,
          1719338813000,
          1719338873000,
          1719338933000,
          1719338993000,
          1719339053000,
          1719339113000,
          1719339173000,
          1719339233000,
          1719339293000,
          1719339353000,
          1719339413000,
          1719339473000,
          1719339533000,
          1719339593000,
          1719339653000,
          1719339713000
        ],
        [
          0,
          0,
          0,
          0,
          0,
          0,
          0,
          0,
          0,
          0,
          0,
          0,
          0,
          0,
          0,
          0,
          0,
          0,
          0,
          0,
          0,
          0,
          0,
          0,
          0,
          0,
          0,
          0,
          0,
          0,
          0,
          0,
          0,
          0,
          0
        ]
      ]
    }
  },
  {
    "schema": {
      "refId": "C",
      "name": "es-threadpool_thread_pool_write_rejected.difference {host: es-master-paid1-es7-2-1c}",
      "fields": [
        {
          "name": "Time",
          "type": "time",
          "config": {}
        },
        {
          "name": "Value",
          "type": "number",
          "config": {
            "displayNameFromDS": "es-threadpool_thread_pool_write_rejected.difference {host: es-master-paid1-es7-2-1c}"
          },
          "labels": {
            "host": "es-master-paid1-es7-2-1c"
          }
        }
      ]
    },
    "data": {
      "values": [
        [
          1719337673000,
          1719337733000,
          1719337793000,
          1719337853000,
          1719337913000,
          1719337973000,
          1719338033000,
          1719338093000,
          1719338153000,
          1719338213000,
          1719338273000,
          1719338333000,
          1719338393000,
          1719338453000,
          1719338513000,
          1719338573000,
          1719338633000,
          1719338693000,
          1719338753000,
          1719338813000,
          1719338873000,
          1719338933000,
          1719338993000,
          1719339053000,
          1719339113000,
          1719339173000,
          1719339233000,
          1719339293000,
          1719339353000,
          1719339413000,
          1719339473000,
          1719339533000,
          1719339593000,
          1719339653000,
          1719339713000
        ],
        [
          0,
          0,
          0,
          0,
          0,
          0,
          0,
          0,
          0,
          0,
          0,
          0,
          0,
          0,
          0,
          0,
          0,
          0,
          0,
          0,
          0,
          0,
          0,
          0,
          0,
          0,
          0,
          0,
          0,
          0,
          0,
          0,
          0,
          0,
          0
        ]
      ]
    }
  },
  {
    "schema": {
      "refId": "C",
      "name": "es-threadpool_thread_pool_write_rejected.difference {host: es-master-paid1-es7-3-1a}",
      "fields": [
        {
          "name": "Time",
          "type": "time",
          "config": {}
        },
        {
          "name": "Value",
          "type": "number",
          "config": {
            "displayNameFromDS": "es-threadpool_thread_pool_write_rejected.difference {host: es-master-paid1-es7-3-1a}"
          },
          "labels": {
            "host": "es-master-paid1-es7-3-1a"
          }
        }
      ]
    },
    "data": {
      "values": [
        [
          1719337673000,
          1719337733000,
          1719337793000,
          1719337853000,
          1719337913000,
          1719337973000,
          1719338033000,
          1719338093000,
          1719338153000,
          1719338213000,
          1719338273000,
          1719338333000,
          1719338393000,
          1719338453000,
          1719338513000,
          1719338573000,
          1719338633000,
          1719338693000,
          1719338753000,
          1719338813000,
          1719338873000,
          1719338933000,
          1719338993000,
          1719339053000,
          1719339113000,
          1719339173000,
          1719339233000,
          1719339293000,
          1719339353000,
          1719339413000,
          1719339473000,
          1719339533000,
          1719339593000,
          1719339653000,
          1719339713000
        ],
        [
          0,
          0,
          0,
          0,
          0,
          0,
          0,
          0,
          0,
          0,
          0,
          0,
          0,
          0,
          0,
          0,
          0,
          0,
          0,
          0,
          0,
          0,
          0,
          0,
          0,
          0,
          0,
          0,
          0,
          0,
          0,
          0,
          0,
          0,
          0
        ]
      ]
    }
  }
]